t,v,cmd_v,enc,vcc,pwm,steer,stall
0.00020647048950195312,0.0,0.0,-9018,0,0,0.0,0
0.027944326400756836,0.0,0.0,-9018,4106,0,0.7,0
0.05515098571777344,0.0,0.0335331916809082,-9018,4106,0,0.7,0
0.08123230934143066,0.0,0.0335331916809082,-9018,4106,0,0.7,0
0.10473847389221191,0.0,0.09747877120971679,-9018,4106,0,0.7,0
0.13061308860778809,0.0,0.09747877120971679,-9018,4106,0,0.7,0
0.15476560592651367,0.0,0.1567357063293457,-9018,4106,0,0.7,0
0.17948222160339355,0.0,0.1567357063293457,-9018,4092,9,0.7,0
0.20472931861877441,0.0,0.21537866592407226,-9018,4092,9,0.7,0
0.23281621932983398,0.0,0.21537866592407226,-9018,4106,18,0.7,0
0.25470662117004395,0.0,0.27937946319580076,-9018,4106,18,0.7,0
0.28201746940612793,0.0,0.27937946319580076,-9018,4106,27,0.7,0
0.30471014976501465,0.0,0.3384209632873535,-9018,4106,27,0.7,0
0.3271512985229492,0.0,0.3384209632873535,-9018,4106,36,0.7,0
0.3546743392944336,0.0,0.39258155822753904,-9018,4106,36,0.7,0
0.3842127323150635,0.115,0.39258155822753904,-9020,4106,45,0.7,0
0.4048280715942383,0.115,0.4256092071533203,-9020,4106,45,0.7,0
0.4333775043487549,0.115,0.4256092071533203,-9021,4106,54,0.6,0
0.4546675682067871,0.115,0.5200530052185058,-9021,4106,54,0.6,0
0.47865819931030273,0.058,0.5200530052185058,-9022,4092,63,0.7,0
0.5049035549163818,0.058,0.5743898391723633,-9022,4092,63,0.7,0
0.5321147441864014,0.058,0.5743898391723633,-9023,4106,72,0.7,0
0.5547161102294922,0.058,0.6385376930236816,-9023,4106,72,0.7,0
0.5810854434967041,0.115,0.6385376930236816,-9025,4106,81,0.6,0
0.6046993732452393,0.115,0.6973025321960449,-9025,4106,81,0.6,0
0.6300084590911865,0.173,0.6973025321960449,-9027,4106,90,0.6,0
0.6547048091888428,0.173,0.7560101509094238,-9027,4106,90,0.6,0
0.6833746433258057,0.173,0.7560101509094238,-9030,4092,99,0.7,0
0.704770565032959,0.173,0.8200495719909667,-9030,4092,99,0.7,0
0.7325398921966553,0.288,0.8200495719909667,-9034,4106,108,0.7,0
0.7547407150268555,0.288,0.8790478706359863,-9034,4106,108,0.7,0
0.7815847396850586,0.345,0.8790478706359863,-9039,4092,117,0.7,0
0.8047778606414795,0.345,0.9379016876220703,-9039,4092,117,0.7,0
0.8247876167297363,0.403,0.9379016876220703,-9044,4106,126,0.6,0
0.854881763458252,0.403,0.9897451400756836,-9044,4106,126,0.6,0
0.8840618133544922,0.575,0.9897451400756836,-9052,4092,130,0.7,0
0.9048118591308594,0.575,1.0608741760253906,-9052,4092,130,0.7,0
0.9292607307434082,0.633,1.0608741760253906,-9060,4106,130,0.6,0
0.9547836780548096,0.633,1.1151128768920897,-9060,4106,130,0.6,0
0.9824984073638916,0.633,1.1151128768920897,-9068,4106,130,0.7,0
1.0047242641448975,0.633,1.1789980888366698,-9068,4106,130,0.7,0
1.0318818092346191,0.863,1.1789980888366698,-9080,4121,130,0.6,0
1.0547208786010742,0.863,1.2,-9080,4121,130,0.6,0
1.0807628631591797,0.92,1.2,-9092,4106,130,0.6,0
1.104731559753418,0.92,1.2,-9092,4106,130,0.6,0
1.1339671611785889,0.92,1.2,-9103,4106,130,0.6,0
1.1546201705932617,0.92,1.2,-9103,4106,130,0.6,0
1.1832034587860107,1.15,1.2,-9118,4106,130,0.7,0
1.2047288417816162,1.15,1.2,-9118,4106,130,0.7,0
1.2322394847869873,1.093,1.2,-9132,4106,130,0.6,0
1.2547791004180908,1.093,1.2,-9132,4106,130,0.6,0
1.2751975059509277,1.093,1.2,-9146,4106,130,0.6,0
1.3047823905944824,1.093,1.2,-9146,4092,130,0.6,0
1.334536075592041,1.323,1.2,-9163,4106,130,0.6,0
1.3547725677490234,1.323,1.2,-9163,4106,130,0.6,0
1.3797607421875,1.323,1.2,-9180,4092,105,0.7,0
1.4047205448150635,1.323,1.2,-9180,4092,105,0.7,0
1.432995080947876,1.265,1.2,-9195,4106,105,0.7,0
1.4547152519226074,1.265,1.2,-9195,4106,105,0.7,0
1.4759418964385986,1.553,1.2,-9216,4106,105,0.7,0
1.5047411918640137,1.553,1.2,-9216,4106,105,0.7,0
1.5312385559082031,1.553,1.2,-9235,4121,105,0.7,0
1.5547266006469727,1.553,1.2,-9235,4121,105,0.7,0
1.584618330001831,1.38,1.2,-9252,4106,105,0.7,0
1.6049067974090576,1.38,1.2,-9252,4106,105,0.7,0
1.625523567199707,1.61,1.2,-9273,4106,105,0.7,0
1.6548259258270264,1.61,1.2,-9273,4121,105,0.6,0
1.682875633239746,1.553,1.2,-9292,4106,105,0.7,0
1.7046780586242676,1.553,1.2,-9292,4106,105,0.7,0
1.7259068489074707,1.495,1.2,-9311,4106,105,0.7,0
1.7548255920410156,1.495,1.2,-9311,4106,105,0.7,0
1.775033950805664,1.725,1.2,-9333,4106,105,0.6,0
1.8047456741333008,1.725,1.2,-9333,4106,105,0.6,0
1.8342137336730957,1.495,1.2,-9351,4106,105,0.7,0
1.8547227382659912,1.495,1.2,-9351,4106,105,0.7,0
1.8753015995025635,1.61,1.2,-9371,4106,105,0.7,0
1.9047472476959229,1.61,1.2,-9371,4106,105,0.6,0
1.9264907836914062,1.783,1.2,-9394,4106,105,0.6,0
1.9547717571258545,1.783,1.2,-9394,4121,105,0.6,0
1.9818644523620605,1.725,1.2,-9416,4092,105,0.7,0
2.0047760009765625,1.725,1.2,-9416,4092,105,0.7,0
2.026874542236328,1.668,1.2,-9437,4092,105,0.7,0
2.054771900177002,1.668,1.2,-9437,4106,105,0.7,0
2.0760486125946045,1.61,1.2,-9457,4106,105,0.7,0
2.1048293113708496,1.61,1.2,-9457,4106,105,0.7,0
2.133383274078369,1.668,1.2,-9477,4106,105,0.6,0
2.1546742916107178,1.668,1.2,-9477,4106,105,0.6,0
2.176370143890381,1.84,1.2,-9500,4106,105,0.6,0
2.204726457595825,1.84,1.2,-9500,4106,105,0.6,0
2.225595712661743,1.955,1.2,-9524,4106,105,0.6,0
2.2547340393066406,1.955,1.2,-9524,4106,105,0.6,0
2.2845380306243896,1.898,1.2,-9549,4106,105,0.7,0
2.304865837097168,1.898,1.2,-9549,4106,105,0.7,0
2.3259544372558594,1.783,1.2,-9571,4106,105,0.7,0
2.354764223098755,1.783,1.2,-9571,4121,105,0.6,0
2.375164031982422,2.013,1.2,-9597,4121,105,0.6,0
2.4046926498413086,2.013,1.2,-9597,4106,105,0.7,0
2.4261045455932617,1.955,1.2,-9622,4106,105,0.7,0
2.4547600746154785,1.955,1.2,-9622,4106,105,0.7,0
2.477489471435547,1.553,1.2,-9639,4106,105,0.7,0
2.5047225952148438,1.553,1.2,-9639,4106,105,0.6,0
2.5265955924987793,1.668,1.2,-9665,4106,105,0.6,0
2.554701328277588,1.668,1.2,-9665,4106,105,0.7,0
2.583918571472168,2.013,1.2,-9691,4106,105,0.6,0
2.604752540588379,2.013,1.2,-9691,4106,105,0.6,0
2.6270668506622314,1.955,1.2,-9716,4106,105,0.6,0
2.6547601222991943,1.955,1.2,-9716,4106,105,0.7,0
2.678192138671875,1.898,1.2,-9739,4106,105,0.7,0
2.704714298248291,1.898,1.2,-9739,4121,105,0.6,0
2.7251927852630615,1.495,1.2,-9759,4121,105,0.7,0
2.7548015117645264,1.495,1.2,-9759,4106,105,0.7,0
2.7764594554901123,1.323,1.2,-9779,4106,105,0.7,0
2.8047304153442383,1.323,1.2,-9779,4121,105,0.7,0
2.825749635696411,2.243,1.2,-9808,4121,105,0.7,0
2.854825019836426,2.243,1.2,-9808,4106,105,0.7,0
2.876573085784912,2.128,1.2,-9835,4106,105,0.7,0
2.9047443866729736,2.128,1.2,-9835,4106,105,0.7,0
2.927980661392212,2.013,1.2,-9860,4106,105,0.7,0
2.9546544551849365,2.013,1.2,-9860,4092,105,0.7,0
2.9771969318389893,1.955,1.2,-9884,4092,105,0.7,0
3.004746198654175,1.955,1.2,-9884,4106,105,0.6,0
3.0345425605773926,2.013,1.2,-9909,4106,105,0.7,0
3.055177688598633,2.013,1.2,-9909,4106,105,0.7,0
3.077476739883423,1.84,1.2,-9930,4106,105,0.7,0
3.1048288345336914,1.84,1.2,-9930,4106,105,0.7,0
3.1286556720733643,2.3,1.2,-9960,4106,105,0.7,0
3.154737710952759,2.3,1.2,-9960,4106,105,0.7,0
3.1756560802459717,1.725,1.2,-9980,4106,105,0.6,0
3.2047650814056396,1.725,1.2,-9980,4106,105,0.6,0
3.2270572185516357,0.978,1.2,-9991,4106,105,0.6,0
3.25469970703125,0.978,1.2,-9991,4121,105,0.7,0
3.280219554901123,0.92,1.2,-10000,4121,105,0.7,0
3.304715156555176,0.92,1.2,-10000,4121,105,0.7,0
3.3252642154693604,0.345,1.2,-10006,4121,105,0.7,0
3.3547677993774414,0.345,1.2,-10006,4106,105,0.7,0
3.3784968852996826,1.955,1.2,-10032,4106,105,0.7,0
3.4047393798828125,1.955,1.2,-10032,4106,105,0.6,0
3.42763614654541,2.358,1.2,-10062,4106,105,0.6,0
3.4547207355499268,2.358,1.2,-10062,4092,105,0.6,0
3.4767277240753174,2.3,1.2,-10091,4092,105,0.6,0
3.5046989917755127,2.3,1.2,-10091,4121,105,0.6,0
3.530085802078247,1.725,1.2,-10109,4121,105,0.6,0
3.554774761199951,1.725,1.2,-10109,4121,105,0.7,0
3.579198122024536,1.783,1.2,-10137,4121,105,0.7,0
3.604708433151245,1.783,1.2,-10137,4106,105,0.7,0
3.626189947128296,1.898,1.2,-10162,4106,105,0.7,0
3.6547677516937256,1.898,1.2,-10162,4092,105,0.7,0
3.6795847415924072,1.438,1.2,-10180,4092,105,0.7,0
3.7047605514526367,1.438,1.2,-10180,4121,105,0.7,0
3.7307324409484863,1.208,1.2,-10199,4121,105,0.7,0
3.7547385692596436,1.208,1.2,-10199,4106,105,0.6,0
3.77587890625,1.898,1.2,-10225,4106,105,0.6,0
3.8047003746032715,1.898,1.2,-10225,4121,105,0.6,0
3.8289318084716797,1.323,1.2,-10236,4121,105,0.6,0
3.8548409938812256,1.323,1.2,-10236,4106,105,0.6,0
3.880261182785034,0.46,1.2,-10240,4106,105,0.6,0
3.904799699783325,0.46,1.2,-10240,4106,105,0.7,0
3.9271984100341797,1.38,1.2,-10264,4106,105,0.7,0
3.9546566009521484,1.38,1.2,-10264,4106,105,0.7,0
3.980672597885132,1.208,1.2,-10275,4106,105,0.7,0
4.004802942276001,1.208,1.2,-10275,4106,105,0.7,0
4.029630661010742,0.575,1.2,-10286,4106,105,0.7,0
4.054727077484131,0.575,1.2,-10286,4106,105,0.6,0
4.078812122344971,1.438,1.2,-10304,4106,105,0.6,0
4.104814529418945,1.438,1.2,-10304,4121,105,0.7,0
4.132049083709717,1.84,1.2,-10328,4121,105,0.7,0
4.15473484992981,1.84,1.2,-10328,4106,105,0.6,0
4.1814539432525635,1.38,1.2,-10340,4106,105,0.6,0
4.20473051071167,1.38,1.2,-10340,4106,105,0.6,0
4.226284980773926,1.438,1.2,-10357,4106,105,0.6,0
4.254835367202759,1.438,1.2,-10357,4092,105,0.7,0
4.2796502113342285,1.955,1.2,-10383,4092,105,0.7,0
4.3048484325408936,1.955,1.2,-10383,4106,105,0.7,0
4.330781936645508,1.61,1.2,-10400,4106,105,0.7,0
4.354864597320557,1.61,1.2,-10400,4106,105,0.7,0
4.377868413925171,0.403,1.2,-10407,4106,105,0.7,0
4.40479850769043,0.403,1.2,-10407,4106,105,0.6,0
4.4311301708221436,0.633,1.2,-10418,4106,105,0.6,0
4.454707622528076,0.633,1.2,-10418,4092,105,0.7,0
4.4803361892700195,2.013,1.2,-10442,4092,105,0.7,0
4.504764080047607,2.013,1.2,-10442,4106,105,0.6,0
4.529379367828369,1.898,1.2,-10463,4106,105,0.6,0
4.554839134216309,1.898,1.2,-10463,4106,105,0.6,0
4.582596302032471,1.38,1.2,-10483,4106,105,0.6,0
4.605181694030762,1.38,1.2,-10483,4106,105,0.6,0
4.631839752197266,1.955,1.2,-10513,4106,105,0.6,0
4.654737710952759,1.955,1.2,-10513,4106,105,0.7,0
4.680957555770874,2.473,1.2,-10543,4106,105,0.7,0
4.704694747924805,2.473,1.2,-10543,4106,105,0.7,0
4.734273433685303,2.3,1.2,-10571,4106,105,0.7,0
4.756320238113403,2.3,1.2,-10571,4092,105,0.7,0
4.783337831497192,2.128,1.2,-10596,4092,105,0.7,0
4.805430173873901,2.128,1.2,-10596,4121,105,0.7,0
4.828343629837036,0.173,1.2,-10595,4121,105,0.7,0
4.854761123657227,0.173,1.2,-10595,4106,105,0.7,0
4.881529092788696,0.0,1.2,-10595,4106,105,0.7,0
4.904728412628174,0.0,1.2,-10595,4121,105,0.7,0
4.934494256973267,0.058,1.2,-10596,4121,105,0.7,0
4.956920146942139,0.058,1.2,-10596,4106,105,0.7,0
4.9798712730407715,-0.058,1.2,-10595,4106,105,0.7,0
5.004800319671631,-0.058,1.2,-10595,4106,105,0.7,0
5.033123254776001,0.0,1.2,-10595,4106,105,0.7,0
5.055476188659668,0.0,1.2,-10595,4092,105,0.7,0
5.082351446151733,0.0,1.2,-10595,4092,105,0.7,0
5.104826927185059,0.0,1.2,-10595,4092,105,0.7,0
5.131491422653198,0.633,1.2,-10606,4092,105,0.7,0
5.154693365097046,0.633,1.2,-10606,4092,105,0.7,0
5.18456506729126,2.243,1.2,-10634,4092,105,0.7,0
5.206845045089722,2.243,1.2,-10634,4106,105,0.6,0
5.233861446380615,2.185,1.2,-10660,4106,105,0.6,0
5.256071090698242,2.185,1.2,-10660,4106,105,0.7,0
5.280979156494141,1.15,1.2,-10675,4106,105,0.7,0
5.304830312728882,1.15,1.2,-10675,4106,105,0.7,0
5.325078248977661,1.15,1.2,-10675,4106,105,0.7,0
5.348221302032471,1.15,1.2,-10683,4106,105,0.6,0
5.368492603302002,1.15,1.2,-10683,4106,105,0.6,0
5.397478818893433,0.288,1.2,-10688,4106,105,0.7,0
5.4177751541137695,0.288,1.2,-10688,4106,105,0.7,0
5.4446070194244385,1.323,1.2,-10707,4106,105,0.7,0
5.464864730834961,1.323,1.2,-10707,4106,105,0.7,0
5.485650062561035,1.553,1.2,-10727,4106,105,0.7,0
5.50608229637146,1.553,1.2,-10727,4106,105,0.7,0
5.526354789733887,1.553,1.2,-10727,4106,105,0.7,0
5.555626630783081,1.093,1.2,-10743,4106,105,0.7,0
5.581907033920288,0.173,1.2,-10743,4106,105,0.7,0
5.604679822921753,0.173,1.2,-10743,4106,105,0.7,0
5.624943733215332,0.173,1.2,-10743,4106,105,0.7,0
5.647353649139404,0.863,1.2,-10759,4092,105,0.7,0
5.6676084995269775,0.863,1.2,-10759,4092,105,0.7,0
5.696466445922852,1.84,1.2,-10779,4092,105,0.7,0
5.716777801513672,1.84,1.2,-10779,4092,105,0.7,0
5.745535373687744,1.84,1.2,-10803,4092,105,0.7,0
5.76581883430481,1.84,1.2,-10803,4092,105,0.7,0
5.788648366928101,0.748,1.2,-10811,4092,105,0.6,0
5.809019565582275,0.748,1.2,-10811,4077,105,0.6,0
5.834543943405151,1.955,1.2,-10845,4077,105,0.6,0
5.85832667350769,1.955,1.2,-10845,4077,105,0.6,0
5.883020639419556,2.53,1.2,-10876,4077,105,0.7,0
5.904664993286133,2.53,1.2,-10876,4062,105,0.7,0
5.924989223480225,2.53,1.2,-10876,4062,105,0.7,0
5.946390628814697,1.38,1.2,-10888,4077,105,0.7,0
5.966665744781494,1.38,1.2,-10888,4077,105,0.7,0
5.989277601242065,0.92,1.2,-10900,4077,105,0.6,0
6.009652137756348,0.92,1.2,-10900,4092,105,0.6,0
6.032472133636475,1.093,1.2,-10911,4092,105,0.6,0
6.054814100265503,1.093,1.2,-10911,4092,105,0.7,0
6.075085401535034,1.093,1.2,-10911,4092,105,0.7,0
6.098011255264282,0.288,1.2,-10916,4106,105,0.6,0
6.1182637214660645,0.288,1.2,-10916,4106,105,0.6,0
6.140840530395508,-0.058,1.2,-10915,4106,105,0.7,0
6.161240816116333,-0.058,1.2,-10915,4106,105,0.7,0
6.184120416641235,0.69,1.2,-10928,4106,105,0.7,0
6.206201076507568,0.69,1.2,-10928,4121,105,0.6,0
6.226529598236084,0.69,1.2,-10928,4121,105,0.6,0
6.249939918518066,0.23,1.2,-10932,4121,105,0.7,0
6.270228147506714,0.23,1.2,-10932,4121,105,0.7,0
6.298625230789185,1.15,1.2,-10952,4106,105,0.7,0
6.318893671035767,1.15,1.2,-10952,4106,105,0.7,0
6.34761905670166,1.553,1.2,-10967,4106,105,0.6,0
6.367870807647705,1.553,1.2,-10967,4106,105,0.6,0
6.390629768371582,0.518,1.2,-10972,4106,105,0.8,0
6.411025524139404,0.518,1.2,-10972,4092,105,0.8,0
6.434497594833374,0.92,1.2,-10983,4092,105,0.8,0
6.4602320194244385,0.92,1.2,-10983,4106,105,0.7,0
6.484530687332153,-0.058,1.2,-10983,4106,105,0.7,0
6.509357452392578,-0.058,1.2,-10983,4092,105,0.7,0
6.529623031616211,-0.058,1.2,-10983,4092,105,0.7,0
6.552894115447998,0.288,1.2,-10988,4092,105,0.6,0
6.573196649551392,0.288,1.2,-10988,4092,105,0.6,0
6.5946266651153564,0.92,1.2,-11003,4092,105,0.6,0
6.615705251693726,0.92,1.2,-11003,4106,105,0.6,0
6.640615463256836,1.438,1.2,-11017,4106,105,0.6,0
6.660906791687012,1.438,1.2,-11017,4106,105,0.8,0
6.681182384490967,1.438,1.2,-11017,4106,105,0.8,0
6.704066753387451,0.575,1.2,-11019,4092,105,0.6,0
6.724326848983765,0.575,1.2,-11019,4092,105,0.6,0
6.753514766693115,0.748,1.2,-11032,4106,105,0.6,0
6.773800849914551,0.748,1.2,-11032,4106,105,0.6,0
6.802308797836304,0.863,1.2,-11039,4106,105,0.7,0
6.822565317153931,0.863,1.2,-11039,4106,105,0.7,0
6.844597816467285,0.69,1.2,-11047,4106,105,0.7,0
6.865680932998657,0.69,1.2,-11047,4106,105,0.7,0
6.894538879394531,0.403,1.2,-11048,4106,105,0.7,0
6.914824485778809,0.403,1.2,-11048,4106,105,0.6,0
6.939642667770386,0.23,1.2,-11052,4106,105,0.7,0
6.960022449493408,0.23,1.2,-11052,4106,105,0.7,0
6.980304718017578,0.23,1.2,-11052,4106,105,0.7,0
7.006979703903198,0.92,1.2,-11063,4092,105,0.6,0
7.027230501174927,0.92,1.2,-11063,4092,105,0.6,0
7.056128263473511,0.288,1.2,-11064,4092,105,0.6,0
7.076360702514648,0.288,1.2,-11064,4092,105,0.6,0
7.10130763053894,1.15,1.2,-11083,4092,105,0.7,0
7.121561050415039,1.15,1.2,-11083,4092,105,0.7,0
7.144416570663452,0.863,1.2,-11087,4092,105,0.7,0
7.164836645126343,0.863,1.2,-11087,4121,105,0.7,0
7.185384273529053,-0.058,1.2,-11087,4121,105,0.7,0
7.214022874832153,-0.058,1.2,-11087,4106,105,0.6,0
7.234538316726685,0.46,1.2,-11096,4106,105,0.6,0
7.263086318969727,0.46,1.2,-11096,4121,105,0.6,0
7.283435583114624,0.46,1.2,-11096,4121,105,0.6,0
7.306018829345703,1.668,1.2,-11116,4121,105,0.6,0
7.326274633407593,1.668,1.2,-11116,4121,105,0.6,0
7.355356931686401,1.208,1.2,-11127,4121,105,0.7,0
7.375650644302368,1.208,1.2,-11127,4121,105,0.7,0
7.400360107421875,0.23,1.2,-11132,4106,105,0.7,0
7.42060112953186,0.23,1.2,-11132,4106,105,0.7,0
7.445440053939819,0.69,1.2,-11143,4106,105,0.7,0
7.467606067657471,0.69,1.2,-11143,4106,105,0.6,0
7.494766712188721,0.403,1.2,-11151,4106,105,0.6,0
7.516797304153442,0.403,1.2,-11151,4092,105,0.6,0
7.541758060455322,-0.058,1.2,-11151,4092,105,0.7,0
7.562239170074463,-0.058,1.2,-11151,4077,105,0.7,0
7.582517147064209,-0.058,1.2,-11151,4077,105,0.7,0
7.605246543884277,1.323,1.2,-11175,4062,105,0.7,0
7.625498533248901,1.323,1.2,-11175,4062,105,0.7,0
7.646130800247192,1.15,1.2,-11183,4062,105,0.7,0
7.668370485305786,1.15,1.2,-11183,4077,105,0.7,0
7.693174839019775,-0.115,1.2,-11183,4077,105,0.7,0
7.713632106781006,-0.115,1.2,-11183,4077,105,0.7,0
7.733945846557617,-0.115,1.2,-11183,4077,105,0.7,0
7.756637811660767,0.0,1.2,-11184,4062,105,0.6,0
7.776976823806763,0.0,1.2,-11184,4062,105,0.6,0
7.805835485458374,-0.058,1.2,-11183,4092,105,0.7,0
7.826111078262329,-0.058,1.2,-11183,4092,105,0.7,0
7.854903697967529,-0.058,1.2,-11183,4077,105,0.7,0
7.87519645690918,-0.058,1.2,-11183,4077,105,0.7,0
7.89589524269104,0.0,1.2,-11184,4077,105,0.7,0
7.918302059173584,0.0,1.2,-11184,4092,105,0.7,0
7.945167779922485,0.058,1.2,-11184,4092,105,0.7,0
7.967413425445557,0.058,1.2,-11184,4106,105,0.8,0
7.994605541229248,0.288,1.2,-11188,4106,105,0.8,0
8.016386985778809,0.288,1.2,-11188,4106,105,0.7,0
8.037269830703735,0.92,1.2,-11188,4106,105,0.7,0
8.059633255004883,0.92,1.2,-11199,4092,105,0.7,0
8.079891443252563,0.92,1.2,-11199,4092,105,0.7,0
8.1088228225708,0.115,1.2,-11199,4106,105,0.7,0
8.12904977798462,0.115,1.2,-11199,4106,105,0.7,0
8.15403151512146,0.0,1.2,-11200,4121,105,0.6,0
8.174274682998657,0.0,1.2,-11200,4121,105,0.6,0
8.199453353881836,0.575,1.2,-11210,4121,105,0.6,0
8.221490144729614,0.575,1.2,-11210,4137,105,0.7,0
8.248276710510254,1.898,1.2,-11234,4137,105,0.7,0
8.270784616470337,1.898,1.2,-11234,4121,105,0.6,0
8.29457950592041,0.863,1.2,-11240,4121,105,0.6,0
8.315496444702148,0.863,1.2,-11240,4121,105,0.7,0
8.336333513259888,0.518,1.2,-11240,4121,105,0.7,0
8.35879921913147,0.518,1.2,-11248,4106,105,0.7,0
8.379109621047974,0.518,1.2,-11248,4106,105,0.7,0
8.40797233581543,0.23,1.2,-11252,4106,105,0.7,0
8.428276062011719,0.23,1.2,-11252,4106,105,0.7,0
8.456822872161865,0.46,1.2,-11259,4092,105,0.7,0
8.477057933807373,0.46,1.2,-11259,4092,105,0.7,0
8.498224020004272,0.173,1.2,-11260,4092,105,0.7,0
8.52061676979065,0.173,1.2,-11260,4092,105,0.6,0
8.54708218574524,0.403,1.2,-11267,4092,105,0.6,0
8.569559335708618,0.403,1.2,-11267,4077,105,0.6,0
8.594355821609497,0.46,1.2,-11271,4092,105,0.6,0
8.614649534225464,0.46,1.2,-11271,4092,105,0.6,0
8.639289379119873,0.173,1.2,-11271,4092,105,0.6,0
8.661939859390259,0.173,1.2,-11271,4106,105,0.6,0
8.682227373123169,0.173,1.2,-11271,4106,105,0.6,0
8.711066961288452,0.058,1.2,-11272,4092,105,0.7,0
8.731327533721924,0.058,1.2,-11272,4092,105,0.7,0
8.75599718093872,0.0,1.2,-11272,4092,105,0.7,0
8.776244401931763,0.0,1.2,-11272,4092,105,0.7,0
8.79904055595398,0.288,1.2,-11277,4092,105,0.6,0
8.819591283798218,0.288,1.2,-11277,4092,105,0.6,0
8.840028524398804,1.208,1.2,-11277,4092,105,0.6,0
8.868584156036377,1.208,1.2,-11292,4092,105,0.6,0
8.895378828048706,0.575,1.2,-11295,4092,105,0.6,0
8.917490482330322,0.575,1.2,-11295,4092,105,0.6,0
8.938395261764526,0.0,1.2,-11295,4092,105,0.6,0
8.96094536781311,0.0,1.2,-11295,4092,105,0.7,0
8.981210708618164,0.0,1.2,-11295,4092,105,0.7,0
9.010096788406372,-0.058,1.2,-11295,4106,105,0.7,0
9.030376672744751,-0.058,1.2,-11295,4106,105,0.7,0
9.058946371078491,0.058,1.2,-11296,4106,105,0.7,0
9.079207420349121,0.058,1.2,-11296,4106,105,0.7,0
9.100016117095947,0.0,1.2,-11296,4106,105,0.7,0
9.122640371322632,0.0,1.2,-11296,4106,105,0.7,0
9.149278402328491,-0.058,1.2,-11295,4106,105,0.7,0
9.171772241592407,-0.058,1.2,-11295,4092,105,0.6,0
9.194756507873535,0.0,1.2,-11296,4092,105,0.6,0
9.216603517532349,0.0,1.2,-11296,4106,105,0.6,0
9.241401195526123,0.058,1.2,-11296,4106,105,0.6,0
9.27025032043457,0.058,1.2,-11296,4092,105,0.7,0
9.290557146072388,0.058,1.2,-11296,4092,105,0.7,0
9.312909126281738,0.058,1.2,-11296,4092,105,0.7,0
9.3332200050354,0.058,1.2,-11296,4092,105,0.7,0
9.358063220977783,0.0,1.2,-11296,4092,105,0.7,0
9.378324747085571,0.0,1.2,-11296,4092,105,0.7,0
9.399096965789795,0.058,1.2,-11296,4092,105,0.7,0
9.42164421081543,0.058,1.2,-11296,4106,105,0.6,0
9.44210958480835,0.0,1.2,-11296,4106,105,0.6,0
9.470927953720093,0.0,1.2,-11295,4092,105,0.7,0
9.497480154037476,0.0,1.2,-11296,4092,105,0.7,0
9.519819974899292,0.0,1.2,-11296,4092,105,0.7,0
9.540462970733643,0.058,1.2,-11296,4092,105,0.7,0
9.562826871871948,0.058,1.2,-11296,4106,105,0.6,0
9.583123922348022,0.058,1.2,-11296,4106,105,0.6,0
9.612254619598389,0.0,1.2,-11295,4092,105,0.7,0
9.632808446884155,0.0,1.2,-11295,4092,105,0.7,0
9.661328077316284,0.173,1.2,-11299,4092,105,0.6,0
9.681559562683105,0.173,1.2,-11299,4092,105,0.6,0
9.702250242233276,0.0,1.2,-11299,4092,105,0.6,0
9.724351167678833,0.0,1.2,-11299,4106,105,0.6,0
9.751322507858276,0.058,1.2,-11300,4106,105,0.6,0
9.773569107055664,0.058,1.2,-11300,4106,105,0.6,0
9.798507690429688,0.0,1.2,-11300,4106,105,0.6,0
9.818971633911133,0.0,1.2,-11300,4092,105,0.6,0
9.843534469604492,0.0,1.2,-11300,4092,105,0.6,0
9.872238397598267,0.0,1.2,-11299,4092,105,0.7,0
9.892570734024048,0.0,1.2,-11299,4092,105,0.7,0
9.914922714233398,0.0,1.2,-11299,4106,105,0.7,0
9.937769651412964,0.058,1.2,-11299,4106,105,0.7,0
9.960362911224365,0.058,1.2,-11300,4106,105,0.7,0
9.980616807937622,0.058,1.2,-11300,4106,105,0.7,0
10.001219511032104,0.0,1.2,-11300,4106,105,0.7,0
10.023434400558472,0.0,1.2,-11300,4106,105,0.7,0
10.04414701461792,-0.058,1.2,-11300,4106,105,0.7,0
10.072837114334106,-0.058,1.2,-11299,4106,105,0.7,0
10.099474430084229,0.058,1.2,-11300,4106,105,0.7,0
10.121907472610474,0.058,1.2,-11300,4106,105,0.7,0
10.142545223236084,0.0,1.2,-11300,4106,105,0.7,0
10.1648268699646,0.0,1.2,-11300,4106,105,0.6,0
10.191620111465454,0.058,1.2,-11300,4106,105,0.6,0
10.214032173156738,0.058,1.2,-11300,4106,105,0.7,0
10.234288930892944,0.058,1.2,-11300,4106,105,0.7,0
10.2631094455719,0.0,1.2,-11299,4092,105,0.7,0
10.283357381820679,0.0,1.2,-11299,4092,105,0.7,0
10.31283187866211,0.0,1.2,-11299,4106,105,0.6,0
10.333093881607056,0.0,1.2,-11299,4106,105,0.6,0
10.353421926498413,-0.058,1.2,-11299,4106,105,0.6,0
10.375584363937378,-0.058,1.2,-11299,4106,105,0.7,0
10.398508548736572,0.46,1.2,-11307,4106,105,0.7,0
10.420913457870483,0.46,1.2,-11307,4106,105,0.6,0
10.44464635848999,0.46,1.2,-11307,4106,105,0.6,0
10.474189043045044,0.403,1.2,-11307,4092,105,0.7,0
10.494719982147217,-0.058,1.2,-11307,4092,105,0.7,0
10.517078161239624,-0.058,1.2,-11307,4092,105,0.7,0
10.539734125137329,0.0,1.2,-11307,4092,105,0.7,0
10.562327861785889,0.0,1.2,-11307,4092,105,0.7,0
10.582572221755981,0.0,1.2,-11307,4092,105,0.7,0
10.603307247161865,0.058,1.2,-11308,4092,105,0.7,0
10.62555742263794,0.058,1.2,-11308,4092,105,0.7,0
10.652397871017456,0.0,1.2,-11307,4092,105,0.7,0
10.675169467926025,0.0,1.2,-11307,4092,105,0.7,0
10.701567649841309,0.0,1.2,-11308,4092,105,0.7,0
10.723708391189575,0.0,1.2,-11308,4092,105,0.7,0
10.744550466537476,-0.058,1.2,-11308,4092,105,0.7,0
10.766846179962158,-0.058,1.2,-11307,4106,105,0.7,0
10.793748378753662,0.288,1.2,-11307,4106,105,0.7,0
10.816039800643921,0.288,1.2,-11313,4106,105,0.7,0
10.839524745941162,0.92,1.2,-11313,4106,105,0.7,0
10.861363887786865,0.92,1.2,-11323,4092,105,0.7,0
10.881627798080444,0.92,1.2,-11323,4092,105,0.7,0
10.90423035621643,0.0,1.2,-11324,4092,105,0.7,0
10.924631595611572,0.0,1.2,-11324,4092,105,0.7,0
10.944648504257202,0.0,1.2,-11324,4092,105,0.7,0
10.967546701431274,0.0,1.2,-11323,4092,105,0.6,0
10.990249872207642,0.058,1.2,-11323,4092,105,0.6,0
11.012638092041016,0.058,1.2,-11324,4092,105,0.6,0
11.032926559448242,0.058,1.2,-11324,4092,105,0.6,0
11.053836584091187,0.058,1.2,-11324,4092,105,0.6,0
11.076107740402222,0.058,1.2,-11324,4106,105,0.7,0
11.096745729446411,0.058,1.2,-11324,4106,105,0.7,0
11.12516474723816,0.058,1.2,-11324,4092,105,0.7,0
11.152111053466797,0.23,1.2,-11327,4092,105,0.7,0
11.174241781234741,0.23,1.2,-11327,4092,105,0.6,0
11.194708824157715,0.23,1.2,-11327,4092,105,0.6,0
11.217461347579956,0.46,1.2,-11332,4077,105,0.7,0
11.244257926940918,0.69,1.2,-11332,4077,105,0.7,0
11.266538381576538,0.69,1.2,-11340,4047,105,0.6,0
11.293341398239136,0.173,1.2,-11340,4047,105,0.6,0
11.315664052963257,0.173,1.2,-11343,4077,105,0.6,0
11.344669818878174,0.173,1.2,-11343,4077,105,0.6,0
11.36881160736084,0.92,1.2,-11356,4092,105,0.6,0
11.394737005233765,0.92,1.2,-11356,4092,105,0.6,0
11.418180704116821,1.15,1.2,-11370,4092,105,0.7,0
11.440845727920532,0.805,1.2,-11370,4092,105,0.7,0
11.463202238082886,0.805,1.2,-11379,4092,105,0.7,0
11.48342251777649,0.805,1.2,-11379,4092,105,0.7,0
11.504294633865356,0.805,1.2,-11392,4092,105,0.7,0
11.526566505432129,0.805,1.2,-11392,4092,105,0.7,0
11.547257423400879,1.093,1.2,-11392,4092,105,0.7,0
11.569558382034302,1.093,1.2,-11405,4077,105,0.6,0
11.592449188232422,1.093,1.2,-11405,4077,105,0.6,0
11.614809513092041,1.093,1.2,-11419,4092,105,0.7,0
11.64461088180542,1.093,1.2,-11419,4092,105,0.7,0
11.667998790740967,0.978,1.2,-11431,4092,105,0.7,0
11.694639444351196,0.978,1.2,-11431,4092,105,0.7,0
11.717191219329834,1.035,1.2,-11444,4106,105,0.6,0
11.743866205215454,0.805,1.2,-11444,4106,105,0.6,0
11.766045331954956,0.805,1.2,-11453,4092,105,0.6,0
11.794641733169556,0.805,1.2,-11453,4092,105,0.6,0
11.819451808929443,0.978,1.2,-11465,4092,105,0.6,0
11.844603300094604,0.978,1.2,-11465,4092,105,0.6,0
11.868561267852783,1.035,1.2,-11478,4092,105,0.7,0
11.894640684127808,1.035,1.2,-11478,4092,105,0.7,0
11.92402458190918,1.035,1.2,-11491,4106,105,0.7,0
11.944647312164307,1.035,1.2,-11491,4106,105,0.7,0
11.967030763626099,0.978,1.2,-11503,4121,105,0.8,0
11.994624614715576,0.978,1.2,-11503,4121,105,0.8,0
12.020141839981079,1.035,1.2,-11515,4106,105,0.7,0
12.042843103408813,0.978,1.2,-11515,4106,105,0.7,0
12.065247297286987,0.978,1.2,-11527,4092,105,0.7,0
12.094596147537231,0.978,1.2,-11527,4092,105,0.7,0
12.118582725524902,0.863,1.2,-11538,4106,105,0.7,0
12.144676208496094,0.863,1.2,-11538,4106,105,0.7,0
12.167805194854736,1.035,1.2,-11552,4121,105,0.6,0
12.194424867630005,0.978,1.2,-11552,4121,105,0.6,0
12.216763496398926,0.978,1.2,-11564,4106,105,0.6,0
12.244600057601929,0.978,1.2,-11564,4106,105,0.6,0
12.270102977752686,0.92,1.2,-11575,4121,105,0.7,0
12.294600248336792,0.92,1.2,-11575,4121,105,0.7,0
12.319284439086914,0.978,1.2,-11587,4121,105,0.7,0
12.344624042510986,0.978,1.2,-11587,4121,105,0.7,0
12.368276834487915,0.633,1.2,-11593,4106,105,0.6,0
12.394601106643677,0.633,1.2,-11593,4106,105,0.6,0
12.421533584594727,0.748,1.2,-11602,4106,105,0.7,0
12.444694995880127,0.748,1.2,-11602,4106,105,0.7,0
12.470881938934326,0.748,1.2,-11612,4106,105,0.7,0
12.494651317596436,0.748,1.2,-11612,4106,105,0.7,0
12.519746541976929,0.863,1.2,-11623,4092,105,0.6,0
12.5446138381958,0.863,1.2,-11623,4092,105,0.6,0
12.573000192642212,0.69,1.2,-11631,4092,105,0.6,0
12.594598531723022,0.69,1.2,-11631,4092,105,0.6,0
12.622176170349121,0.863,1.2,-11642,4092,105,0.6,0
12.64469599723816,0.863,1.2,-11642,4092,105,0.6,0
12.667325019836426,0.69,1.2,-11650,4106,105,0.7,0
12.694591045379639,0.69,1.2,-11650,4106,105,0.7,0
12.720800876617432,0.633,1.2,-11658,4077,105,0.7,0
12.744627714157104,0.633,1.2,-11658,4077,105,0.7,0
12.770049095153809,0.805,1.2,-11668,4092,105,0.7,0
12.794690132141113,0.805,1.2,-11668,4092,105,0.7,0
12.818743467330933,0.69,1.2,-11676,4092,105,0.6,0
12.844590902328491,0.69,1.2,-11676,4092,105,0.6,0
12.872186422348022,0.633,1.2,-11684,4092,105,0.5,0
12.894606351852417,0.633,1.2,-11684,4092,105,0.5,0
12.921387195587158,0.748,1.2,-11693,4092,105,0.7,0
12.944724798202515,0.748,1.2,-11693,4092,105,0.7,0
12.970381498336792,0.633,1.2,-11701,4106,105,0.7,0
12.994666337966919,0.633,1.2,-11701,4106,105,0.7,0
13.023634672164917,0.575,1.2,-11708,4092,105,0.6,0
13.044610738754272,0.575,1.2,-11708,4092,105,0.6,0
13.072705030441284,0.748,1.2,-11718,4092,105,0.7,0
13.094568490982056,0.748,1.2,-11718,4092,105,0.7,0
13.1179518699646,0.575,1.2,-11725,4092,105,0.7,0
13.14461612701416,0.575,1.2,-11725,4092,105,0.7,0
13.17130732536316,0.575,1.2,-11733,4106,105,0.7,0
13.194852352142334,0.575,1.2,-11733,4106,105,0.7,0
13.220283031463623,0.69,1.2,-11742,4106,105,0.7,0
13.244656562805176,0.69,1.2,-11742,4106,105,0.7,0
13.269492864608765,0.633,1.2,-11750,4106,105,0.7,0
13.294664859771729,0.633,1.2,-11750,4106,105,0.7,0
13.322653770446777,0.575,1.2,-11757,4121,105,0.7,0
13.344669103622437,0.575,1.2,-11757,4121,105,0.7,0
13.371954679489136,0.69,1.2,-11766,4106,105,0.7,0
13.394641637802124,0.69,1.2,-11766,4106,105,0.7,0
13.420934200286865,0.92,1.2,-11773,4106,105,0.6,0
13.444737434387207,0.92,1.2,-11773,4106,105,0.6,0
13.474161148071289,0.92,1.2,-11782,4106,105,0.7,0
13.494646787643433,0.92,1.2,-11782,4106,105,0.7,0
13.52334475517273,0.748,1.2,-11791,4106,105,0.6,0
13.544528007507324,0.748,1.2,-11791,4106,105,0.6,0
13.568501234054565,0.518,1.2,-11797,4092,105,0.7,0
13.594678163528442,0.518,1.2,-11797,4092,105,0.7,0
13.621912956237793,0.46,1.2,-11803,4092,105,0.6,0
13.644655704498291,0.46,1.2,-11803,4092,105,0.6,0
13.664687156677246,0.575,1.2,-11810,4092,105,0.6,0
13.684700012207031,0.575,1.2,-11810,4106,105,0.6,0
13.707895994186401,0.46,1.2,-11816,4106,105,0.6,0
13.730138301849365,0.46,1.2,-11816,4106,105,0.6,0
13.751010417938232,0.403,1.2,-11816,4106,105,0.6,0
13.77330493927002,0.403,1.2,-11821,4106,105,0.7,0
13.794671297073364,0.403,1.2,-11821,4106,105,0.7,0
13.816066026687622,0.46,1.2,-11827,4106,105,0.7,0
13.844623327255249,0.46,1.2,-11827,4106,105,0.7,0
13.871462106704712,0.403,1.2,-11832,4092,105,0.7,0
13.894587993621826,0.403,1.2,-11832,4092,105,0.7,0
13.91463589668274,0.403,1.2,-11837,4092,105,0.7,0
13.944772481918335,0.403,1.2,-11837,4092,105,0.7,0
13.97397255897522,0.403,1.2,-11842,4092,105,0.7,0
13.994636535644531,0.403,1.2,-11842,4092,105,0.7,0
14.022969007492065,0.403,1.2,-11847,4106,105,0.6,0
14.044606447219849,0.403,1.2,-11847,4106,105,0.6,0
14.065971374511719,0.345,1.2,-11851,4106,105,0.7,0
14.094641208648682,0.345,1.2,-11851,4092,105,0.7,0
14.115220546722412,0.345,1.2,-11855,4092,105,0.7,0
14.144636154174805,0.345,1.2,-11855,4092,105,0.7,0
14.174626350402832,0.288,1.2,-11859,4092,105,0.5,0
14.194700479507446,0.288,1.2,-11859,4092,105,0.5,0
14.21555209159851,0.23,1.2,-11862,4092,105,0.5,0
14.244596481323242,0.23,1.2,-11862,4092,105,0.6,0
14.26482892036438,0.288,1.2,-11866,4092,105,0.6,0
14.294538974761963,0.288,1.2,-11866,4092,105,0.7,0
14.32213568687439,0.288,1.2,-11869,4106,105,0.7,0
14.34454870223999,0.288,1.2,-11869,4106,105,0.7,0
14.365090608596802,0.23,1.2,-11872,4121,105,0.7,0
14.39462947845459,0.23,1.2,-11872,4121,105,0.7,0
14.424567699432373,0.173,1.2,-11874,4106,105,0.6,0
14.444695234298706,0.173,1.2,-11874,4106,105,0.6,0
14.47348666191101,0.173,1.2,-11876,4092,105,0.7,0
14.494675874710083,0.173,1.2,-11876,4092,105,0.7,0
14.514816999435425,0.173,1.2,-11878,4092,105,0.7,0
14.544585943222046,0.173,1.2,-11878,4106,105,0.6,0
14.56579041481018,0.173,1.2,-11881,4106,105,0.6,0
14.594635248184204,0.173,1.2,-11881,4106,105,0.6,0
14.614813804626465,0.173,1.2,-11883,4106,105,0.6,0
14.644622802734375,0.173,1.2,-11883,4106,105,0.7,0
14.666068315505981,0.115,1.2,-11884,4106,105,0.7,0
14.694620847702026,0.115,1.2,-11884,4106,105,0.7,0
14.715303182601929,0.173,1.2,-11886,4106,105,0.7,0
14.74463963508606,0.173,1.2,-11886,4092,105,0.7,0
14.772659301757812,0.115,1.2,-11887,4106,105,0.7,0
14.79460334777832,0.115,1.2,-11887,4106,105,0.7,0
14.815627098083496,0.058,1.2,-11888,4106,105,0.8,0
14.844680547714233,0.058,1.2,-11888,4092,105,0.8,0
14.866779088973999,0.115,1.2,-11890,4092,105,0.8,0
14.894622564315796,0.115,1.2,-11890,4106,105,0.6,0
14.924092054367065,0.058,1.2,-11890,4106,105,0.7,0
14.944627046585083,0.058,1.2,-11890,4106,105,0.7,0
14.96511173248291,0.115,1.2,-11892,4106,105,0.7,0
14.994760274887085,0.115,1.2,-11892,4106,105,0.6,0
15.01626706123352,0.058,1.2,-11892,4106,105,0.7,0
15.044640064239502,0.058,1.2,-11892,4106,105,0.7,0
15.0653235912323,0.058,1.2,-11893,4092,105,0.7,0
15.094640970230103,0.058,1.2,-11893,4092,105,0.7,0
15.116633892059326,0.058,1.2,-11893,4092,105,0.7,0
15.144625902175903,0.058,1.2,-11893,4106,105,0.7,0
15.165801048278809,0.058,1.2,-11894,4106,105,0.7,0
15.194622278213501,0.058,1.2,-11894,4106,105,0.6,0
15.223188638687134,0.0,1.2,-11894,4106,105,0.6,0
15.244602680206299,0.0,1.2,-11894,4106,105,0.6,0
15.266218900680542,0.058,1.2,-11895,4106,105,0.6,0
15.294707298278809,0.058,1.2,-11895,4106,105,0.7,0
15.317355394363403,0.058,1.2,-11895,4106,105,0.7,0
15.344607830047607,0.058,1.2,-11895,4106,105,0.7,0
15.374703168869019,0.0,1.2,-11895,4106,105,0.7,0
15.404806137084961,0.0,1.2,-11895,4106,105,0.7,0
15.427819728851318,0.0,1.2,-11895,4092,105,0.7,0
15.454729080200195,0.0,1.2,-11895,4092,105,0.7,0
15.480976819992065,0.0,1.2,-11895,4106,105,0.6,0
15.503782749176025,0.058,1.2,-11895,4106,105,0.6,0
15.526112079620361,0.058,1.2,-11896,4106,105,0.7,0
15.554812669754028,0.058,1.2,-11896,4106,105,0.7,0
15.579240322113037,0.0,1.2,-11896,4106,105,0.6,0
15.604655981063843,0.0,1.2,-11896,4106,105,0.6,0
15.62855076789856,0.0,1.2,-11896,4106,105,0.7,0
15.654742956161499,0.0,1.2,-11896,4106,105,0.7,0
15.677593231201172,0.0,1.2,-11896,4121,105,0.6,0
15.704738140106201,0.0,1.2,-11896,4121,105,0.6,0
15.730773687362671,0.0,1.2,-11896,4121,105,0.6,0
15.754748582839966,0.0,1.2,-11896,4121,105,0.6,0
15.780094861984253,0.0,1.2,-11896,4121,105,0.7,0
15.802734851837158,0.0,1.2,-11896,4121,105,0.7,0
15.825121402740479,0.0,1.2,-11896,4106,105,0.7,0
15.854712963104248,0.0,1.2,-11896,4106,105,0.7,0
15.878315925598145,0.0,1.2,-11896,4092,105,0.6,0
15.90470576286316,0.0,1.2,-11896,4092,105,0.6,0
15.931572437286377,0.0,1.2,-11896,4121,105,0.6,0
15.954296827316284,0.058,1.2,-11896,4121,105,0.6,0
15.976664066314697,0.058,1.2,-11897,4121,105,0.7,0
16.004719734191895,0.058,1.2,-11897,4121,105,0.7,0
16.02995491027832,0.058,1.2,-11897,4106,105,0.6,0
16.054713010787964,0.058,1.2,-11897,4106,105,0.6,0
16.079187154769897,0.0,1.2,-11897,4106,105,0.7,0
16.104736328125,0.0,1.2,-11897,4106,105,0.7,0
16.1280255317688,0.0,1.2,-11897,4106,105,0.7,0
16.154719591140747,0.0,1.2,-11897,4106,105,0.7,0
16.181358814239502,0.0,1.2,-11897,4106,105,0.7,0
16.204735040664673,0.0,1.2,-11897,4106,105,0.7,0
16.230530261993408,0.0,1.2,-11897,4106,105,0.7,0
16.25478768348694,0.0,1.2,-11897,4106,105,0.7,0
16.279614448547363,0.0,1.2,-11897,4106,105,0.6,0
16.304774045944214,0.0,1.2,-11897,4106,105,0.6,0
16.332818746566772,0.0,1.2,-11897,4106,105,0.7,0
16.35469102859497,0.0,1.2,-11897,4106,105,0.7,0
16.382187366485596,0.0,1.2,-11897,4106,105,0.7,0
16.40477681159973,0.0,1.2,-11897,4106,105,0.7,0
16.4272882938385,0.0,1.2,-11897,4121,105,0.7,0
16.454757690429688,0.0,1.2,-11897,4121,105,0.7,0
16.480462074279785,0.0,1.2,-11897,4092,105,0.6,0
16.504651308059692,0.0,1.2,-11897,4092,105,0.6,0
16.52973961830139,0.0,1.2,-11897,4106,105,0.6,0
16.554717302322388,0.0,1.2,-11897,4106,105,0.6,0
16.578654289245605,0.0,1.2,-11897,4106,105,0.7,0
16.6047146320343,0.0,1.2,-11897,4106,105,0.7,0
16.632015466690063,0.0,1.2,-11897,4121,105,0.7,0
16.654725313186646,0.0,1.2,-11897,4121,105,0.7,0
16.681153059005737,0.0,1.2,-11897,4106,105,0.7,0
16.704723358154297,0.0,1.2,-11897,4106,105,0.7,0
16.730304718017578,0.0,1.2,-11897,4106,105,0.7,0
16.75475835800171,0.0,1.2,-11897,4106,105,0.7,0
16.783374547958374,0.0,1.2,-11897,4106,105,0.7,0
16.804680109024048,0.0,1.2,-11897,4106,105,0.7,0
16.832614183425903,0.0,1.2,-11897,4106,105,0.7,0
16.854743480682373,0.0,1.2,-11897,4106,105,0.7,0
16.88167142868042,0.0,1.2,-11897,4106,105,0.6,0
16.904696941375732,0.0,1.2,-11897,4106,105,0.6,0
16.924728631973267,0.0,1.2,-11897,4106,105,0.7,0
16.954755067825317,0.0,1.2,-11897,4106,105,0.7,0
16.984095811843872,0.0,1.2,-11897,4106,105,0.7,0
17.00482749938965,0.0,1.2,-11897,4106,105,0.7,0
17.029273748397827,0.0,1.2,-11897,4106,105,0.7,0
17.054765939712524,0.0,1.2,-11897,4106,105,0.7,0
17.082571983337402,0.0,1.2,-11897,4106,105,0.7,0
17.10465145111084,0.0,1.2,-11897,4106,105,0.7,0
17.12538504600525,0.0,1.2,-11897,4106,105,0.7,0
17.15473437309265,0.0,1.2,-11897,4106,105,0.7,0
17.180737495422363,0.0,1.2,-11897,4121,105,0.7,0
17.204676151275635,0.0,1.2,-11897,4121,105,0.7,0
17.23401951789856,0.0,1.2,-11897,4092,105,0.6,0
17.254684686660767,0.0,1.2,-11897,4092,105,0.6,0
17.283129453659058,-0.173,1.2,-11894,4121,105,0.7,0
17.30465817451477,-0.173,1.2,-11894,4121,105,0.7,0
17.332136392593384,-0.173,1.2,-11892,4106,105,0.7,0
17.354734182357788,-0.173,1.2,-11892,4106,105,0.7,0
17.37527823448181,-0.058,1.2,-11892,4106,105,0.7,0
17.404690980911255,-0.058,1.2,-11892,4106,105,0.7,0
17.434526205062866,0.0,1.2,-11892,4106,105,0.6,0
17.454805612564087,0.0,1.2,-11892,4106,105,0.6,0
17.479907989501953,0.0,1.2,-11892,4121,105,0.8,0
17.504741668701172,0.0,1.2,-11892,4121,105,0.8,0
17.524921655654907,0.0,1.2,-11892,4121,105,0.8,0
17.554757595062256,0.0,1.2,-11892,4106,105,0.7,0
17.575947999954224,0.0,1.2,-11892,4106,105,0.7,0
17.60476279258728,0.0,1.2,-11892,4092,105,0.7,0
17.631301164627075,0.0,1.2,-11892,4092,105,0.6,0
17.654812335968018,0.0,1.2,-11892,4092,105,0.6,0
17.684500455856323,0.0,1.2,-11892,4121,105,0.7,0
17.704771757125854,0.0,1.2,-11892,4121,105,0.7,0
17.733912706375122,0.0,1.2,-11892,4106,105,0.6,0
17.754753828048706,0.0,1.2,-11892,4106,105,0.6,0
17.782803297042847,0.0,1.2,-11892,4106,105,0.7,0
17.80474853515625,0.0,1.2,-11892,4106,105,0.7,0
17.825854539871216,-0.115,1.2,-11890,4106,105,0.7,0
17.85476279258728,-0.115,1.2,-11890,4106,105,0.7,0
17.875025272369385,-0.288,1.2,-11886,4106,105,0.7,0
17.90475034713745,-0.288,1.2,-11886,4106,105,0.6,0
17.934202194213867,-0.288,1.2,-11883,4106,105,0.6,0
17.954822540283203,-0.288,1.2,-11883,4106,105,0.6,0
17.97547197341919,-0.288,1.2,-11879,4106,105,0.6,0
18.004698038101196,-0.288,1.2,-11879,4106,105,0.7,0
18.026531457901,-0.345,1.2,-11874,4106,105,0.7,0
18.05487632751465,-0.345,1.2,-11874,4106,105,0.6,0
18.081852197647095,-0.46,1.2,-11868,4106,105,0.7,0
18.104703903198242,-0.46,1.2,-11868,4106,105,0.7,0
18.125029802322388,-0.518,1.2,-11861,4106,105,0.7,0
18.15470027923584,-0.518,1.2,-11861,4092,105,0.7,0
18.176069974899292,-0.46,1.2,-11856,4092,105,0.7,0
18.204689264297485,-0.46,1.2,-11856,4106,105,0.7,0
18.233478784561157,-0.115,1.2,-11854,4121,105,0.6,0
18.25472593307495,-0.115,1.2,-11854,4121,105,0.6,0
18.27644968032837,-0.23,1.2,-11852,4106,105,0.6,0
18.304722785949707,-0.23,1.2,-11852,4106,105,0.7,0
18.32763147354126,0.0,1.2,-11851,4106,105,0.7,0
18.354783296585083,0.0,1.2,-11851,4106,105,0.6,0
18.37480878829956,0.0,1.2,-11852,4106,105,0.6,0
18.404854774475098,0.0,1.2,-11852,4106,105,0.6,0
18.42591142654419,0.0,1.2,-11851,4106,105,0.6,0
18.454756498336792,0.0,1.2,-11851,4092,105,0.7,0
18.475277185440063,-0.115,1.2,-11850,4092,105,0.7,0
18.504744291305542,-0.115,1.2,-11850,4106,105,0.7,0
18.52615261077881,-0.23,1.2,-11847,4106,105,0.7,0
18.55472731590271,-0.23,1.2,-11847,4106,105,0.7,0
18.577523946762085,-0.115,1.2,-11846,4106,105,0.7,0
18.60478377342224,-0.115,1.2,-11846,4092,105,0.6,0
18.62660551071167,0.058,1.2,-11847,4092,105,0.6,0
18.6547634601593,0.058,1.2,-11847,4106,105,0.7,0
18.684138536453247,-0.058,1.2,-11846,4121,105,0.7,0
18.7048180103302,-0.058,1.2,-11846,4121,105,0.7,0
18.72490620613098,0.0,1.2,-11846,4121,105,0.7,0
18.754751920700073,0.0,1.2,-11846,4106,105,0.6,0
18.778262853622437,0.0,1.2,-11846,4106,105,0.6,0
18.804733753204346,0.0,1.2,-11846,4106,105,0.7,0
18.825233936309814,0.0,1.2,-11846,4106,105,0.6,0
18.854785442352295,0.0,1.2,-11846,4092,105,0.6,0
18.876521110534668,0.0,1.2,-11846,4092,105,0.6,0
18.904726266860962,0.0,1.2,-11846,4092,105,0.7,0
18.92773699760437,-0.058,1.2,-11845,4092,105,0.6,0
18.954764366149902,-0.058,1.2,-11845,4106,105,0.6,0
18.974900007247925,-0.058,1.2,-11844,4106,105,0.6,0
19.004749536514282,-0.058,1.2,-11844,4121,105,0.7,0
19.027971506118774,-0.115,1.2,-11842,4121,105,0.7,0
19.054732084274292,-0.115,1.2,-11842,4106,105,0.7,0
19.077139616012573,-0.173,1.2,-11840,4106,105,0.7,0
19.10468816757202,-0.173,1.2,-11840,4106,105,0.7,0
19.134526252746582,-0.115,1.2,-11839,4092,105,0.6,0
19.15479588508606,-0.115,1.2,-11839,4092,105,0.6,0
19.179544687271118,0.0,1.2,-11839,4092,105,0.6,0
19.204715251922607,0.0,1.2,-11839,4121,105,0.6,0
19.228803634643555,-0.058,1.2,-11839,4121,105,0.6,0
19.254669189453125,-0.058,1.2,-11839,4106,105,0.6,0
19.27586531639099,-0.058,1.2,-11839,4106,105,0.6,0
19.304824113845825,-0.058,1.2,-11839,4106,105,0.7,0
19.327009201049805,-0.058,1.2,-11839,4106,105,0.7,0
19.35472536087036,-0.058,1.2,-11839,4092,105,0.7,0
19.378224849700928,0.0,1.2,-11840,4092,105,0.7,0
19.404728889465332,0.0,1.2,-11840,4092,105,0.7,0
19.425268173217773,0.0,1.2,-11839,4092,105,0.7,0
