t,v,cmd_v,enc,vcc,steer,stall
0.05020451545715332,0.0,0.0,-2854,4361,-1.2,0
0.1004323959350586,0.0,0.0,-2854,4361,-1.2,0
0.15061044692993164,0.0,0.0,-2854,4361,-1.2,0
0.2007758617401123,0.0,0.0,-2854,4361,-1.2,0
0.2509448528289795,0.0,0.0,-2854,4361,-1.2,0
0.3010890483856201,0.0,0.0,-2854,4361,-1.2,0
0.34186577796936035,0.0,0.0,-2854,4361,-1.2,0
0.34194111824035645,0.0,0.0,-2854,4361,-1.2,0
0.34209609031677246,0.0,0.0,-2854,4361,-1.2,0
0.34214043617248535,0.0,0.0,-2854,4361,-1.2,0
0.3421788215637207,0.0,0.0,-2854,4361,-1.2,0
0.34221482276916504,0.0,0.0,-2854,4361,-1.3,0
0.3423278331756592,0.0,0.0,-2854,4361,-1.3,0
0.3423655033111572,0.0,0.0,-2854,4361,-1.3,0
0.34239697456359863,0.0,0.0,-2854,4378,-1.3,0
0.34242963790893555,0.0,0.0,-2854,4378,-1.3,0
0.34253954887390137,0.0,0.0,-2854,4378,-1.3,0
0.34258580207824707,0.0,0.0,-2854,4378,-1.3,0
0.3426239490509033,0.0,0.0,-2854,4378,-1.3,0
0.34265708923339844,0.0,0.0,-2854,4378,-1.2,0
0.34276843070983887,0.0,0.0,-2854,4378,-1.2,0
0.3428058624267578,0.0,0.0,-2854,4378,-1.2,0
0.3428373336791992,0.0,0.0,-2854,4361,-1.2,0
0.3428671360015869,0.0,0.0,-2854,4361,-1.2,0
0.3429732322692871,0.0,0.0,-2854,4361,-1.2,0
0.34300994873046875,0.0,0.0,-2854,4361,-1.2,0
0.34304189682006836,0.0,0.0,-2854,4361,-1.2,0
0.3430747985839844,0.0,0.0,-2854,4361,-1.3,0
0.34317851066589355,0.0,0.0,-2854,4361,-1.3,0
0.34322094917297363,0.0,0.0,-2854,4361,-1.3,0
0.34325528144836426,0.0,0.0,-2854,4361,-1.3,0
0.34328603744506836,0.0,0.0,-2854,4361,-1.2,0
0.3468968868255615,0.0,0.0,-2854,4361,-1.2,0
0.3470895290374756,0.0,0.0,-2854,4361,-1.2,0
0.34725093841552734,0.0,0.0,-2854,4361,-1.2,0
0.34735989570617676,0.0,0.0,-2854,4361,-1.2,0
0.34746623039245605,0.0,0.0,-2854,4361,-1.2,0
0.347583532333374,0.0,0.0,-2854,4361,-1.2,0
0.34769368171691895,0.0,0.0,-2854,4361,-1.2,0
0.3522481918334961,0.0,0.0,-2854,4361,-1.2,0
0.35230469703674316,0.0,0.0,-2854,4361,-1.2,0
0.3617410659790039,0.0,0.9159922122955323,-2854,4361,-1.2,0
0.3644862174987793,0.0,0.9159922122955323,-2854,4361,-1.2,0
0.36466360092163086,0.0,0.9159922122955323,-2854,4378,-1.2,0
0.4054744243621826,0.0,0.9159922122955323,-2854,4378,-1.2,0
0.40557098388671875,0.0,0.9159922122955323,-2854,4378,-1.2,0
0.41142868995666504,0.0,1.0544845581054687,-2854,4378,-1.2,0
0.4136958122253418,0.0,1.0544845581054687,-2854,4378,-1.3,0
0.4138171672821045,0.0,1.0544845581054687,-2854,4378,-1.3,0
0.45059847831726074,-0.058,1.0544845581054687,-2854,4378,-1.3,0
0.4508402347564697,-0.058,1.0544845581054687,-2853,4378,-1.3,0
0.4614226818084717,-0.058,1.1721846103668214,-2853,4378,-1.3,0
0.4626750946044922,-0.058,1.1721846103668214,-2853,4378,-1.3,0
0.4627959728240967,-0.058,1.1721846103668214,-2853,4378,-1.3,0
0.5037939548492432,-0.058,1.1721846103668214,-2853,4378,-1.3,0
0.5039067268371582,-0.058,1.1721846103668214,-2852,4378,-1.3,0
0.5114352703094482,-0.058,1.2,-2852,4378,-1.3,0
0.515967607498169,-0.058,1.2,-2852,4378,-1.1,0
0.5161445140838623,-0.058,1.2,-2852,4361,-1.1,0
0.5570149421691895,0.0,1.2,-2852,4361,-1.1,0
0.5571122169494629,0.0,1.2,-2852,4361,-1.1,0
0.5614817142486572,0.0,1.2,-2852,4361,-1.1,0
0.565199613571167,0.0,1.2,-2852,4361,-1.2,0
0.5653238296508789,0.0,1.2,-2852,4361,-1.2,0
0.6020851135253906,0.0,1.2,-2852,4361,-1.2,0
0.6021707057952881,0.0,1.2,-2852,4361,-1.2,0
0.6114284992218018,0.0,1.2,-2852,4361,-1.2,0
0.614238977432251,0.0,1.2,-2852,4361,-1.3,0
0.6144230365753174,0.0,1.2,-2852,4361,-1.3,0
0.65535569190979,0.0,1.2,-2852,4361,-1.3,0
0.6554439067840576,0.0,1.2,-2852,4361,-1.3,0
0.6614282131195068,0.0,1.2,-2852,4361,-1.3,0
0.6674861907958984,0.0,1.2,-2852,4361,-1.2,0
0.6676759719848633,0.0,1.2,-2852,4378,-1.2,0
0.7045412063598633,0.0,1.2,-2852,4378,-1.2,0
0.7046396732330322,0.0,1.2,-2852,4378,-1.2,0
0.7114274501800537,0.0,1.2,-2852,4378,-1.2,0
0.7167437076568604,0.0,1.2,-2852,4378,-1.3,0
0.7169499397277832,0.0,1.2,-2852,4378,-1.3,0
0.7535984516143799,0.0,1.2,-2852,4378,-1.3,0
0.7536838054656982,0.0,1.2,-2852,4378,-1.3,0
0.7614297866821289,0.0,1.2,-2852,4378,-1.3,0
0.7617838382720947,0.0,1.2,-2852,4378,-1.2,0
0.7619056701660156,0.0,1.2,-2852,4378,-1.2,0
0.8068552017211914,0.058,1.2,-2852,4378,-1.2,0
0.8069384098052979,0.058,1.2,-2853,4378,-1.2,0
0.8114266395568848,0.058,1.2,-2853,4378,-1.2,0
0.8189537525177002,0.058,1.2,-2853,4378,-1.2,0
0.8190383911132812,0.058,1.2,-2853,4378,-1.2,0
0.8560090065002441,0.115,1.2,-2853,4378,-1.2,0
0.8560926914215088,0.115,1.2,-2854,4378,-1.2,0
0.8614280223846436,0.115,1.2,-2854,4378,-1.2,0
0.8681378364562988,0.115,1.2,-2854,4378,-1.2,0
0.8683285713195801,0.115,1.2,-2854,4378,-1.2,0
0.9011292457580566,0.115,1.2,-2854,4378,-1.2,0
0.9012115001678467,0.115,1.2,-2855,4378,-1.2,0
0.9114396572113037,0.115,1.2,-2855,4378,-1.2,0
0.9132819175720215,0.115,1.2,-2855,4378,-1.4,0
0.9134654998779297,0.115,1.2,-2855,4378,-1.4,0
0.9585020542144775,0.058,1.2,-2855,4378,-1.4,0
0.9586195945739746,0.058,1.2,-2856,4378,-1.4,0
0.9614541530609131,0.058,1.2,-2856,4378,-1.4,0
0.9706416130065918,0.058,1.2,-2856,4378,-1.3,0
0.9708459377288818,0.058,1.2,-2856,4378,-1.3,0
1.011441707611084,0.058,1.2,-2856,4378,-1.3,0
1.0117201805114746,0.115,1.2,-2856,4378,-1.3,0
1.0117778778076172,0.115,1.2,-2858,4378,-1.3,0
1.0199129581451416,0.115,1.2,-2858,4378,-1.4,0
1.0201399326324463,0.115,1.2,-2858,4378,-1.4,0
1.0568969249725342,0.115,1.2,-2858,4378,-1.4,0
1.05704665184021,0.115,1.2,-2859,4378,-1.4,0
1.0614914894104004,0.115,1.2,-2859,4378,-1.4,0
1.068840503692627,0.115,1.2,-2859,4378,-1.2,0
1.069033145904541,0.115,1.2,-2859,4361,-1.2,0
1.109999179840088,0.115,1.2,-2859,4361,-1.2,0
1.1100997924804688,0.115,1.2,-2861,4361,-1.2,0
1.1114106178283691,0.115,1.2,-2861,4361,-1.2,0
1.1221625804901123,0.115,1.2,-2861,4361,-1.3,0
1.1223905086517334,0.115,1.2,-2861,4378,-1.3,0
1.1592411994934082,0.23,1.2,-2861,4378,-1.3,0
1.1593599319458008,0.23,1.2,-2864,4378,-1.3,0
1.1614289283752441,0.23,1.2,-2864,4378,-1.3,0
1.1713082790374756,0.23,1.2,-2864,4378,-1.2,0
1.1715145111083984,0.23,1.2,-2864,4361,-1.2,0
1.2082440853118896,0.115,1.2,-2864,4361,-1.2,0
1.2083311080932617,0.115,1.2,-2865,4361,-1.2,0
1.2116456031799316,0.115,1.2,-2865,4361,-1.2,0
1.2203359603881836,0.115,1.2,-2865,4361,-1.2,0
1.220543384552002,0.115,1.2,-2865,4378,-1.2,0
1.2614481449127197,0.173,1.2,-2865,4378,-1.2,0
1.2615063190460205,0.173,1.2,-2868,4378,-1.2,0
1.261554479598999,0.173,1.2,-2868,4378,-1.2,0
1.2735960483551025,0.173,1.2,-2868,4378,-1.2,0
1.2737836837768555,0.173,1.2,-2868,4378,-1.2,0
1.3106777667999268,0.173,1.2,-2868,4378,-1.2,0
1.3108913898468018,0.173,1.2,-2870,4378,-1.2,0
1.3113877773284912,0.173,1.2,-2870,4378,-1.2,0
1.3227896690368652,0.173,1.2,-2870,4361,-1.2,0
1.322871446609497,0.173,1.2,-2870,4361,-1.3,0
1.355745792388916,0.173,1.2,-2870,4361,-1.3,0
1.3558385372161865,0.173,1.2,-2872,4361,-1.3,0
1.3614263534545898,0.173,1.2,-2872,4361,-1.3,0
1.3678996562957764,0.173,1.2,-2872,4361,-1.2,0
1.368082046508789,0.173,1.2,-2872,4361,-1.2,0
1.4090197086334229,0.173,1.2,-2872,4361,-1.2,0
1.4091026782989502,0.173,1.2,-2875,4361,-1.2,0
1.4114174842834473,0.173,1.2,-2875,4361,-1.2,0
1.4211680889129639,0.173,1.2,-2875,4361,-1.2,0
1.4213476181030273,0.173,1.2,-2875,4378,-1.2,0
1.461440086364746,0.173,1.2,-2875,4378,-1.2,0
1.4620826244354248,0.173,1.2,-2875,4378,-1.2,0
1.4621334075927734,0.173,1.2,-2877,4378,-1.2,0
1.4704186916351318,0.173,1.2,-2877,4378,-1.2,0
1.4705028533935547,0.173,1.2,-2877,4378,-1.1,0
1.5072205066680908,0.23,1.2,-2877,4378,-1.1,0
1.5072910785675049,0.23,1.2,-2880,4378,-1.1,0
1.5114881992340088,0.23,1.2,-2880,4378,-1.1,0
1.5194346904754639,0.23,1.2,-2880,4361,-1.1,0
1.5195190906524658,0.23,1.2,-2880,4361,-1.3,0
1.5604703426361084,0.173,1.2,-2880,4361,-1.3,0
1.5605385303497314,0.173,1.2,-2882,4361,-1.3,0
1.5614080429077148,0.173,1.2,-2882,4361,-1.3,0
1.5726735591888428,0.173,1.2,-2882,4378,-1.3,0
1.572739839553833,0.173,1.2,-2882,4378,-1.3,0
1.6097126007080078,0.173,1.2,-2882,4378,-1.3,0
1.6097948551177979,0.173,1.2,-2884,4378,-1.3,0
1.6114776134490967,0.173,1.2,-2884,4378,-1.3,0
1.6218552589416504,0.173,1.2,-2884,4361,-1.3,0
1.6219375133514404,0.173,1.2,-2884,4361,-1.2,0
1.65875244140625,0.23,1.2,-2884,4361,-1.2,0
1.6588354110717773,0.23,1.2,-2887,4361,-1.2,0
1.6614470481872559,0.23,1.2,-2887,4361,-1.2,0
1.6670198440551758,0.23,1.2,-2887,4361,-1.2,0
1.6670997142791748,0.23,1.2,-2887,4361,-1.2,0
1.711441993713379,0.23,1.2,-2887,4361,-1.2,0
1.7119295597076416,0.173,1.2,-2887,4361,-1.2,0
1.7119834423065186,0.173,1.2,-2889,4361,-1.2,0
1.724118709564209,0.173,1.2,-2889,4361,-1.2,0
1.724177360534668,0.173,1.2,-2889,4361,-1.2,0
1.7612004280090332,0.23,1.2,-2889,4361,-1.2,0
1.7612740993499756,0.23,1.2,-2892,4361,-1.2,0
1.7614293098449707,0.23,1.2,-2892,4361,-1.2,0
1.7733776569366455,0.23,1.2,-2892,4378,-1.2,0
1.7734601497650146,0.23,1.2,-2892,4378,-1.1,0
1.8063206672668457,0.288,1.2,-2892,4378,-1.1,0
1.8064017295837402,0.288,1.2,-2895,4378,-1.1,0
1.8114368915557861,0.288,1.2,-2895,4378,-1.1,0
1.818516492843628,0.288,1.2,-2895,4378,-1.2,0
1.8187026977539062,0.288,1.2,-2895,4361,-1.2,0
1.8614346981048584,0.288,1.2,-2895,4361,-1.2,0
1.8635358810424805,0.173,1.2,-2895,4361,-1.2,0
1.8636870384216309,0.173,1.2,-2897,4361,-1.2,0
1.8717551231384277,0.173,1.2,-2897,4361,-1.2,0
1.8718769550323486,0.173,1.2,-2897,4361,-1.2,0
1.9114210605621338,0.173,1.2,-2897,4361,-1.2,0
1.912649393081665,0.23,1.2,-2897,4361,-1.2,0
1.912717580795288,0.23,1.2,-2900,4361,-1.2,0
1.9209415912628174,0.23,1.2,-2900,4361,-1.2,0
1.921212911605835,0.23,1.2,-2900,4361,-1.2,0
1.9578189849853516,0.173,1.2,-2900,4361,-1.2,0
1.9579083919525146,0.173,1.2,-2902,4361,-1.2,0
1.9615404605865479,0.173,1.2,-2902,4361,-1.2,0
1.9699528217315674,0.173,1.2,-2902,4361,-1.1,0
1.970153570175171,0.173,1.2,-2902,4361,-1.1,0
2.011014938354492,0.173,1.2,-2902,4361,-1.1,0
2.0110890865325928,0.173,1.2,-2904,4361,-1.1,0
2.011383295059204,0.173,1.2,-2904,4361,-1.1,0
2.0231997966766357,0.173,1.2,-2904,4361,-1.2,0
2.0234038829803467,0.173,1.2,-2904,4378,-1.2,0
2.060415029525757,0.115,1.2,-2904,4378,-1.2,0
2.060535430908203,0.115,1.2,-2905,4378,-1.2,0
2.0614094734191895,0.115,1.2,-2905,4378,-1.2,0
2.072486400604248,0.115,1.2,-2905,4361,-1.2,0
2.072544813156128,0.115,1.2,-2905,4361,-1.3,0
2.109333038330078,0.115,1.2,-2905,4361,-1.3,0
2.109415292739868,0.115,1.2,-2907,4361,-1.3,0
2.1114351749420166,0.115,1.2,-2907,4361,-1.3,0
2.12147855758667,0.115,1.2,-2907,4361,-1.3,0
2.121561288833618,0.115,1.2,-2907,4361,-1.2,0
2.161647319793701,0.115,1.2,-2907,4361,-1.2,0
2.162554979324341,0.115,1.2,-2907,4361,-1.2,0
2.162686347961426,0.115,1.2,-2909,4361,-1.2,0
2.1747820377349854,0.115,1.2,-2909,4361,-1.2,0
2.1748647689819336,0.115,1.2,-2909,4361,-1.2,0
2.2114405632019043,0.115,1.2,-2909,4361,-1.2,0
2.211754083633423,0.115,1.2,-2909,4361,-1.2,0
2.2118778228759766,0.115,1.2,-2910,4361,-1.2,0
2.2238929271698,0.115,1.2,-2910,4344,-1.2,0
2.2239773273468018,0.115,1.2,-2910,4344,-1.1,0
2.2569050788879395,0.115,1.2,-2910,4344,-1.1,0
2.2569870948791504,0.115,1.2,-2912,4344,-1.1,0
2.261434555053711,0.115,1.2,-2912,4344,-1.1,0
2.2690975666046143,0.115,1.2,-2912,4344,-1.2,0
2.269293785095215,0.115,1.2,-2912,4361,-1.2,0
2.311439037322998,0.115,1.2,-2912,4361,-1.2,0
2.314091920852661,0.115,1.2,-2912,4361,-1.2,0
2.31431245803833,0.115,1.2,-2913,4361,-1.2,0
2.3223488330841064,0.115,1.2,-2913,4361,-1.2,0
2.3225324153900146,0.115,1.2,-2913,4378,-1.2,0
2.36142635345459,0.115,1.2,-2913,4378,-1.2,0
2.363283157348633,0.115,1.2,-2913,4378,-1.2,0
2.3634872436523438,0.115,1.2,-2915,4378,-1.2,0
2.375351905822754,0.115,1.2,-2915,4378,-1.2,0
2.375497579574585,0.115,1.2,-2915,4361,-1.2,0
2.4084365367889404,0.115,1.2,-2915,4361,-1.2,0
2.408521890640259,0.115,1.2,-2916,4361,-1.2,0
2.4114131927490234,0.115,1.2,-2916,4361,-1.2,0
2.420560121536255,0.115,1.2,-2916,4361,-1.2,0
2.4207499027252197,0.115,1.2,-2916,4344,-1.2,0
2.4614322185516357,0.115,1.2,-2916,4344,-1.2,0
2.4617691040039062,0.115,1.2,-2916,4344,-1.2,0
2.461890697479248,0.115,1.2,-2917,4344,-1.2,0
2.4739158153533936,0.115,1.2,-2917,4361,-1.2,0
2.4740030765533447,0.115,1.2,-2917,4361,-1.2,0
2.5107030868530273,0.115,1.2,-2917,4361,-1.2,0
2.510847568511963,0.115,1.2,-2918,4361,-1.2,0
2.5113861560821533,0.115,1.2,-2918,4361,-1.2,0
2.522991180419922,0.115,1.2,-2918,4344,-1.2,0
2.5230488777160645,0.115,1.2,-2918,4344,-1.2,0
2.5599215030670166,0.115,1.2,-2918,4344,-1.2,0
2.5600297451019287,0.115,1.2,-2919,4344,-1.2,0
2.561403512954712,0.115,1.2,-2919,4344,-1.2,0
2.5720221996307373,0.115,1.2,-2919,4361,-1.2,0
2.5721046924591064,0.115,1.2,-2919,4361,-1.1,0
2.611471176147461,0.115,1.2,-2919,4361,-1.1,0
2.6130380630493164,0.058,1.2,-2919,4361,-1.1,0
2.613162040710449,0.058,1.2,-2919,4361,-1.1,0
2.625277280807495,0.058,1.2,-2919,4361,-1.2,0
2.6254830360412598,0.058,1.2,-2919,4361,-1.2,0
2.6614456176757812,0.058,1.2,-2919,4361,-1.2,0
2.662230968475342,0.0,1.2,-2919,4361,-1.2,0
2.6623523235321045,0.0,1.2,-2919,4361,-1.2,0
2.6745378971099854,0.0,1.2,-2919,4361,-1.2,0
2.6746277809143066,0.0,1.2,-2919,4361,-1.2,0
2.711409091949463,0.058,1.2,-2919,4361,-1.2,0
2.7114830017089844,0.058,1.2,-2920,4361,-1.2,0
2.7116527557373047,0.058,1.2,-2920,4361,-1.2,0
2.723518133163452,0.058,1.2,-2920,4361,-1.2,0
2.7235827445983887,0.058,1.2,-2920,4361,-1.2,0
2.76143479347229,0.058,1.2,-2920,4361,-1.2,0
2.764636278152466,0.0,1.2,-2920,4361,-1.2,0
2.7648074626922607,0.0,1.2,-2920,4361,-1.2,0
2.7768354415893555,0.0,1.2,-2920,4361,-1.2,0
2.77699613571167,0.0,1.2,-2920,4378,-1.2,0
2.8114430904388428,0.0,1.2,-2920,4378,-1.2,0
2.813781499862671,0.0,1.2,-2920,4378,-1.2,0
2.813838005065918,0.0,1.2,-2920,4378,-1.2,0
2.8260960578918457,0.0,1.2,-2920,4361,-1.2,0
2.8261783123016357,0.0,1.2,-2920,4361,-1.1,0
2.8614416122436523,0.0,1.2,-2920,4361,-1.1,0
2.862884759902954,0.0,1.2,-2920,4361,-1.1,0
2.8629329204559326,0.0,1.2,-2920,4361,-1.1,0
2.8712730407714844,0.0,1.2,-2920,4361,-1.1,0
2.8713574409484863,0.0,1.2,-2920,4361,-1.3,0
2.911438226699829,0.0,1.2,-2920,4361,-1.3,0
2.9161691665649414,0.058,1.2,-2920,4361,-1.3,0
2.916247844696045,0.058,1.2,-2921,4361,-1.3,0
2.9285695552825928,0.058,1.2,-2921,4361,-1.3,0
2.9286322593688965,0.058,1.2,-2921,4361,-1.2,0
2.961437225341797,0.058,1.2,-2921,4361,-1.2,0
2.965333938598633,0.0,1.2,-2921,4361,-1.2,0
2.965402126312256,0.0,1.2,-2921,4361,-1.2,0
2.9775216579437256,0.0,1.2,-2921,4361,-1.2,0
2.977588653564453,0.0,1.2,-2921,4361,-1.2,0
3.0105910301208496,0.0,1.2,-2921,4361,-1.2,0
3.0106732845306396,0.0,1.2,-2921,4361,-1.2,0
3.011963129043579,0.0,1.2,-2921,4361,-1.2,0
3.0227668285369873,0.0,1.2,-2921,4361,-1.2,0
3.022961139678955,0.0,1.2,-2921,4361,-1.2,0
3.061555862426758,0.0,1.2,-2921,4361,-1.2,0
3.0636558532714844,0.0,1.2,-2921,4361,-1.2,0
3.0637946128845215,0.0,1.2,-2921,4361,-1.2,0
3.0759339332580566,0.0,1.2,-2921,4378,-1.2,0
3.0760183334350586,0.0,1.2,-2921,4378,-1.2,0
3.1114776134490967,0.0,1.2,-2921,4378,-1.2,0
3.116834878921509,0.0,1.2,-2921,4378,-1.2,0
3.1170120239257812,0.0,1.2,-2921,4378,-1.2,0
3.125159978866577,0.0,1.2,-2921,4361,-1.2,0
3.1252429485321045,0.0,1.2,-2921,4361,-1.1,0
3.1616101264953613,0.0,1.2,-2921,4361,-1.1,0
3.1619460582733154,0.0,1.2,-2921,4361,-1.1,0
3.162071466445923,0.0,1.2,-2921,4361,-1.1,0
3.174147844314575,0.0,1.2,-2921,4361,-1.1,0
3.174231767654419,0.0,1.2,-2921,4361,-1.3,0
3.211472272872925,0.0,1.2,-2921,4361,-1.3,0
3.2151870727539062,0.0,1.2,-2921,4361,-1.3,0
3.2152702808380127,0.0,1.2,-2921,4361,-1.3,0
3.2274081707000732,0.0,1.2,-2921,4344,-1.3,0
3.2274904251098633,0.0,1.2,-2921,4344,-1.2,0
3.261434316635132,0.0,1.2,-2921,4344,-1.2,0
3.2643532752990723,0.0,1.2,-2921,4344,-1.2,0
3.264422655105591,0.0,1.2,-2921,4344,-1.2,0
3.276630163192749,0.0,1.2,-2921,4361,-1.2,0
3.276698112487793,0.0,1.2,-2921,4361,-1.2,0
3.311441421508789,0.0,1.2,-2921,4361,-1.2,0
3.3134753704071045,0.0,1.2,-2921,4361,-1.2,0
3.3135569095611572,0.0,1.2,-2921,4361,-1.2,0
3.3256795406341553,0.0,1.2,-2921,4361,-1.2,0
3.32576322555542,0.0,1.2,-2921,4361,-1.2,0
3.361431360244751,0.0,1.2,-2921,4361,-1.2,0
3.3667054176330566,0.0,1.2,-2921,4361,-1.2,0
3.3667733669281006,0.0,1.2,-2921,4361,-1.2,0
3.3790714740753174,0.0,1.2,-2921,4361,-1.2,0
3.3792829513549805,0.0,1.2,-2921,4361,-1.2,0
3.411442279815674,0.0,1.2,-2921,4361,-1.2,0
3.4158830642700195,0.0,1.2,-2921,4361,-1.2,0
3.4159529209136963,0.0,1.2,-2921,4361,-1.2,0
3.428271532058716,0.0,1.2,-2921,4361,-1.2,0
3.4283318519592285,0.0,1.2,-2921,4361,-1.2,0
3.4609482288360596,0.0,1.2,-2921,4361,-1.2,0
3.461008071899414,0.0,1.2,-2921,4361,-1.2,0
3.4613442420959473,0.0,1.2,-2921,4361,-1.2,0
3.4732413291931152,0.0,1.2,-2921,4361,-1.2,0
3.473302125930786,0.0,1.2,-2921,4361,-1.2,0
3.5114433765411377,0.0,1.2,-2921,4361,-1.2,0
3.518242120742798,0.0,1.2,-2921,4361,-1.2,0
3.518437147140503,0.0,1.2,-2921,4361,-1.2,0
3.526519298553467,0.0,1.2,-2921,4361,-1.2,0
3.526594638824463,0.0,1.2,-2921,4361,-1.2,0
3.561448574066162,0.0,1.2,-2921,4361,-1.2,0
3.5674374103546143,0.0,1.2,-2921,4361,-1.2,0
3.5675454139709473,0.0,1.2,-2921,4361,-1.2,0
3.5797460079193115,0.0,1.2,-2921,4361,-1.2,0
3.579890012741089,0.0,1.2,-2921,4361,-1.2,0
3.611520528793335,0.0,1.2,-2921,4361,-1.2,0
3.6124696731567383,0.0,1.2,-2921,4361,-1.2,0
3.6126046180725098,0.0,1.2,-2921,4361,-1.2,0
3.6247470378875732,0.0,1.2,-2921,4361,-1.2,0
3.624804973602295,0.0,1.2,-2921,4361,-1.2,0
3.661438465118408,0.0,1.2,-2921,4361,-1.2,0
3.665743827819824,0.0,1.2,-2921,4361,-1.2,0
3.6659226417541504,0.0,1.2,-2921,4361,-1.2,0
3.678088665008545,0.0,1.2,-2921,4361,-1.2,0
3.678234577178955,0.0,1.2,-2921,4344,-1.2,0
3.7114388942718506,0.0,1.2,-2921,4344,-1.2,0
3.7149651050567627,0.0,1.2,-2921,4344,-1.2,0
3.7150461673736572,0.0,1.2,-2921,4344,-1.2,0
3.7271289825439453,0.0,1.2,-2921,4344,-1.2,0
3.727201223373413,0.0,1.2,-2921,4344,-1.2,0
3.761441469192505,0.0,1.2,-2921,4344,-1.2,0
3.764021158218384,0.0,1.2,-2921,4344,-1.2,0
3.7642006874084473,0.0,1.2,-2921,4344,-1.2,0
3.776163101196289,0.0,1.2,-2921,4361,-1.2,0
3.77622127532959,0.0,1.2,-2921,4361,-1.2,0
3.8114371299743652,0.0,1.2,-2921,4361,-1.2,0
3.8172860145568848,0.0,1.2,-2921,4361,-1.2,0
3.817366361618042,0.0,1.2,-2921,4361,-1.2,0
3.8296291828155518,0.0,1.2,-2921,4361,-1.2,0
3.829712152481079,0.0,1.2,-2921,4361,-1.1,0
3.8614413738250732,0.0,1.2,-2921,4361,-1.1,0
3.866450071334839,0.0,1.2,-2921,4361,-1.1,0
3.866636276245117,0.0,1.2,-2921,4361,-1.1,0
3.878742218017578,0.0,1.2,-2921,4361,-1.2,0
3.8788845539093018,0.0,1.2,-2921,4361,-1.2,0
3.9114315509796143,0.0,1.2,-2921,4361,-1.2,0
3.915548324584961,0.0,1.2,-2921,4361,-1.2,0
3.9157466888427734,0.0,1.2,-2921,4361,-1.2,0
3.9277093410491943,0.0,1.2,-2921,4361,-1.1,0
3.927920341491699,0.0,1.2,-2921,4361,-1.1,0
3.961437940597534,0.0,1.2,-2921,4361,-1.1,0
3.9687702655792236,0.0,1.2,-2921,4361,-1.1,0
3.9688408374786377,0.0,1.2,-2921,4361,-1.1,0
3.9771058559417725,0.0,1.2,-2921,4361,-1.3,0
3.977343797683716,0.0,1.2,-2921,4344,-1.3,0
4.011438846588135,0.0,1.2,-2921,4344,-1.3,0
4.017953872680664,0.0,1.2,-2921,4344,-1.3,0
4.018022060394287,0.0,1.2,-2921,4344,-1.3,0
4.030306816101074,0.0,1.2,-2921,4344,-1.3,0
4.030388832092285,0.0,1.2,-2921,4344,-1.1,0
4.06163215637207,0.0,1.2,-2921,4344,-1.1,0
4.063015699386597,0.0,1.2,-2921,4344,-1.1,0
4.0631468296051025,0.0,1.2,-2921,4344,-1.1,0
4.075254678726196,0.0,1.2,-2921,4344,-1.2,0
4.075470209121704,0.0,1.2,-2921,4361,-1.2,0
4.111492395401001,0.0,1.2,-2921,4361,-1.2,0
4.116344213485718,0.0,1.2,-2921,4361,-1.2,0
4.11640477180481,0.0,1.2,-2921,4361,-1.2,0
4.128645658493042,0.0,1.2,-2921,4361,-1.2,0
4.1287758350372314,0.0,1.2,-2921,4361,-1.2,0
4.1616106033325195,0.0,1.2,-2921,4361,-1.2,0
4.169558048248291,0.0,1.2,-2921,4361,-1.2,0
4.169647932052612,0.0,1.2,-2921,4361,-1.2,0
4.1816325187683105,0.0,1.2,-2921,4361,-1.2,0
4.181835174560547,0.0,1.2,-2921,4361,-1.2,0
4.211440801620483,0.0,1.2,-2921,4361,-1.2,0
4.2145164012908936,0.0,1.2,-2921,4361,-1.2,0
4.214594602584839,0.0,1.2,-2921,4361,-1.2,0
4.2267961502075195,0.0,1.2,-2921,4361,-1.1,0
4.227009296417236,0.0,1.2,-2921,4361,-1.1,0
4.261439085006714,0.0,1.2,-2921,4361,-1.1,0
4.267867088317871,0.0,1.2,-2921,4361,-1.1,0
4.2680909633636475,0.0,1.2,-2921,4361,-1.1,0
4.2801899909973145,0.0,1.2,-2921,4361,-1.2,0
4.280397653579712,0.0,1.2,-2921,4361,-1.2,0
4.3115339279174805,0.0,1.2,-2921,4361,-1.2,0
4.316988229751587,0.0,1.2,-2921,4361,-1.2,0
4.317079544067383,0.0,1.2,-2921,4361,-1.2,0
4.329322814941406,0.0,1.2,-2921,4361,-1.2,0
4.329472541809082,0.0,1.2,-2921,4378,-1.2,0
4.361435890197754,0.0,1.2,-2921,4378,-1.2,0
4.366148233413696,0.0,1.2,-2921,4378,-1.2,0
4.366245269775391,0.0,1.2,-2921,4378,-1.2,0
4.378485202789307,0.0,1.2,-2921,4378,-1.3,0
4.378642320632935,0.0,1.2,-2921,4361,-1.3,0
4.411436080932617,0.0,1.2,-2921,4361,-1.3,0
4.41939640045166,0.0,1.2,-2921,4361,-1.3,0
4.419488191604614,0.0,1.2,-2921,4361,-1.3,0
4.431584596633911,0.0,1.2,-2921,4361,-1.3,0
4.431805849075317,0.0,1.2,-2921,4361,-1.3,0
4.46143364906311,0.0,1.2,-2921,4361,-1.3,0
4.468571901321411,0.0,1.2,-2921,4361,-1.3,0
4.468769311904907,0.0,1.2,-2921,4361,-1.3,0
4.480758190155029,0.0,1.2,-2921,4361,-1.3,0
4.480849504470825,0.0,1.2,-2921,4361,-1.2,0
4.511481285095215,0.0,1.2,-2921,4361,-1.2,0
4.517623424530029,0.0,1.2,-2921,4361,-1.2,0
4.517847299575806,0.0,1.2,-2921,4361,-1.2,0
4.525850296020508,0.0,1.2,-2921,4361,-1.2,0
4.526034832000732,0.0,1.2,-2921,4361,-1.2,0
4.561431169509888,0.0,1.2,-2921,4361,-1.2,0
4.570864915847778,0.0,1.2,-2921,4361,-1.2,0
4.571052551269531,0.0,1.2,-2921,4361,-1.2,0
4.579119682312012,0.0,1.2,-2921,4361,-1.2,0
4.579295635223389,0.0,1.2,-2921,4361,-1.2,0
4.611572504043579,0.0,1.2,-2921,4361,-1.2,0
4.620072841644287,0.0,1.2,-2921,4361,-1.2,0
4.620139122009277,0.0,1.2,-2921,4361,-1.2,0
4.632238864898682,0.0,1.2,-2921,4361,-1.2,0
4.6324381828308105,0.0,1.2,-2921,4378,-1.2,0
4.661438703536987,0.0,1.2,-2921,4378,-1.2,0
4.6651835441589355,0.0,1.2,-2921,4378,-1.2,0
4.665388345718384,0.0,1.2,-2921,4378,-1.2,0
4.677464723587036,0.0,1.2,-2921,4378,-1.3,0
4.677610397338867,0.0,1.2,-2921,4361,-1.3,0
4.711490869522095,0.0,1.2,-2921,4361,-1.3,0
4.718459844589233,0.0,1.2,-2921,4361,-1.3,0
4.718681335449219,0.0,1.2,-2921,4361,-1.3,0
4.73064661026001,0.0,1.2,-2921,4361,-1.3,0
4.730701684951782,0.0,1.2,-2921,4361,-1.2,0
4.761438846588135,0.0,1.2,-2921,4361,-1.2,0
4.771632194519043,0.0,1.2,-2921,4361,-1.2,0
4.7717015743255615,0.0,1.2,-2921,4361,-1.2,0
4.783732891082764,0.0,1.2,-2921,4361,-1.1,0
4.783934831619263,0.0,1.2,-2921,4344,-1.1,0
4.811438083648682,0.0,1.2,-2921,4344,-1.1,0
4.816669940948486,0.0,1.2,-2921,4344,-1.1,0
4.816737413406372,0.0,1.2,-2921,4344,-1.1,0
4.8289453983306885,0.0,1.2,-2921,4361,-1.1,0
4.829003572463989,0.0,1.2,-2921,4361,-1.3,0
4.861467123031616,0.0,1.2,-2921,4361,-1.3,0
4.8699610233306885,0.0,1.2,-2921,4361,-1.3,0
4.870044708251953,0.0,1.2,-2921,4361,-1.3,0
4.8821117877960205,0.0,1.2,-2921,4361,-1.2,0
4.882252931594849,0.0,1.2,-2921,4361,-1.2,0
4.91143798828125,0.0,1.2,-2921,4361,-1.2,0
4.919094800949097,0.0,1.2,-2921,4361,-1.2,0
4.919269323348999,0.0,1.2,-2921,4361,-1.2,0
4.931358814239502,0.0,1.2,-2921,4361,-1.2,0
4.931564092636108,0.0,1.2,-2921,4361,-1.2,0
4.961435079574585,0.0,1.2,-2921,4361,-1.2,0
