t,v,venc,cmd_v,enc,vcc,pwm,steer,stall
0.0001671314239501953,0.058,0.011508912913374277,0.0,-7992,0,0,0.0,0
0.028777122497558594,0.058,0.011508912913374277,0.0,-7992,4344,0,-1.1,0
0.04920792579650879,0.115,0.011508912913374277,0.03194260597229004,-7992,4344,0,-1.1,0
0.07167243957519531,0.115,0.028841164717780268,0.03194260597229004,-7994,4361,0,-1.1,0
0.09208035469055176,0.115,0.028841164717780268,0.03194260597229004,-7994,4361,0,-1.1,0
0.11277055740356445,0.115,0.04529276047059235,0.10220919370651246,-7995,4361,0,-1.1,0
0.1348121166229248,0.115,0.04529276047059235,0.10220919370651246,-7995,4361,0,-1.1,0
0.1580827236175537,0.115,0.057695438303224544,0.14964144945144656,-7997,4361,0,-1.1,0
0.18016314506530762,0.115,0.057695438303224544,0.14964144945144656,-7997,4361,0,-1.1,0
0.20075201988220215,0.23,0.057695438303224544,0.19998109102249148,-7997,4361,0,-1.1,0
0.22318291664123535,0.23,0.08653032355041954,0.19998109102249148,-8000,4361,9,-1.1,0
0.24346613883972168,0.23,0.08653032355041954,0.19998109102249148,-8000,4361,9,-1.1,0
0.2725083827972412,0.345,0.13586909577469286,0.2702474141120911,-8004,4344,18,-1.1,0
0.29279589653015137,0.345,0.13586909577469286,0.2702474141120911,-8004,4344,18,-1.1,0
0.3214070796966553,0.345,0.15385192582219745,0.3250034451484681,-8008,4361,27,-1.1,0
0.34165310859680176,0.345,0.15385192582219745,0.3250034451484681,-8008,4361,27,-1.1,0
0.36258697509765625,0.403,0.20717170251808334,0.37923495054245,-8013,4361,36,-1.1,0
0.38479161262512207,0.403,0.20717170251808334,0.37923495054245,-8013,4361,36,-1.1,0
0.4118044376373291,0.518,0.24039248397920673,0.4271186900138855,-8020,4361,45,-1.1,0
0.43383193016052246,0.518,0.24039248397920673,0.4271186900138855,-8020,4361,45,-1.1,0
0.46085357666015625,0.748,0.3453151739064931,0.48155344247818,-8030,4361,54,-1.1,0
0.4830029010772705,0.748,0.3453151739064931,0.48155344247818,-8030,4344,54,-1.1,0
0.5040469169616699,0.92,0.3453151739064931,0.5361332201957704,-8030,4344,54,-1.1,0
0.526667594909668,0.92,0.4369929499604489,0.5361332201957704,-8042,4361,60,-1.1,0
0.5470602512359619,0.92,0.4369929499604489,0.5361332201957704,-8042,4361,60,-1.1,0
0.5753397941589355,1.15,0.4998059386837247,0.6072368788719178,-8056,4344,28,-1.1,0
0.5956425666809082,1.15,0.4998059386837247,0.6072368788719178,-8056,4344,28,-1.1,0
0.6204187870025635,0.575,0.5184412271280702,0.6611632490158081,-8062,4344,-6,-1.1,0
0.6406779289245605,0.575,0.5184412271280702,0.6611632490158081,-8062,4344,-6,-1.1,0
0.6635215282440186,0.23,0.49840147682637026,0.7111525011062623,-8064,4344,-15,-1.1,0
0.6839320659637451,0.23,0.49840147682637026,0.7111525011062623,-8064,4344,-15,-1.1,0
0.7044007778167725,0.173,0.49840147682637026,0.7591645932197572,-8064,4344,-15,-1.1,0
0.7267215251922607,0.173,0.40769111783359585,0.7591645932197572,-8066,4344,-14,-1.1,0
0.7469890117645264,0.173,0.40769111783359585,0.7591645932197572,-8066,4344,-14,-1.1,0
0.7719802856445312,0.46,0.4134836447935992,0.8291578030586243,-8073,4361,6,-1.1,0
0.7922143936157227,0.46,0.4134836447935992,0.8291578030586243,-8073,4361,6,-1.1,0
0.8135349750518799,0.863,0.404031411156669,0.8793579769134522,-8084,4361,15,-1.1,0
0.835357666015625,0.863,0.404031411156669,0.8793579769134522,-8084,4361,15,-1.1,0
0.85595703125,0.92,0.404031411156669,0.9272470092773438,-8084,4361,15,-1.1,0
0.8846330642700195,0.92,0.37956647277172195,0.9272470092773438,-8096,4344,24,-1.1,0
0.911376953125,0.863,0.5029707249971321,0.9819427013397217,-8107,4344,33,-1.1,0
0.9334802627563477,0.863,0.5029707249971321,0.9819427013397217,-8107,4344,33,-0.2,0
0.9542806148529053,0.575,0.5029707249971321,1.036163091659546,-8107,4344,33,-0.2,0
0.9766080379486084,0.575,0.47111817847615856,1.036163091659546,-8113,4361,42,-1.1,0
0.996957540512085,0.575,0.47111817847615856,1.036163091659546,-8113,4361,42,-1.1,0
1.025909662246704,0.403,0.49994580573410113,1.1066228699684144,-8118,4361,51,-1.1,0
1.0462443828582764,0.403,0.49994580573410113,1.1066228699684144,-8118,4361,51,-1.1,0
1.0749318599700928,0.403,0.460352123023585,1.11,-8124,4344,60,-1.1,0
1.0951814651489258,0.403,0.460352123023585,1.11,-8124,4344,60,-1.1,0
1.1161065101623535,0.518,0.40265554730332354,1.11,-8131,4344,60,-1.1,0
1.1383140087127686,0.518,0.40265554730332354,1.11,-8131,4361,60,-1.1,0
1.165266990661621,0.518,0.39424901798764056,1.11,-8137,4361,60,-1.1,0
1.187506914138794,0.518,0.39424901798764056,1.11,-8137,4344,60,-1.1,0
1.210371971130371,0.46,0.3461566203047598,1.11,-8143,4344,60,-1.1,0
1.2325036525726318,0.46,0.3461566203047598,1.11,-8143,4361,60,-1.2,0
1.2534286975860596,0.575,0.3461566203047598,1.11,-8143,4361,60,-1.2,0
1.2757022380828857,0.575,0.3556609140162086,1.11,-8150,4344,60,-1.1,0
1.2960193157196045,0.575,0.3556609140162086,1.11,-8150,4344,60,-1.1,0
1.316798210144043,0.633,0.38504739691154427,1.11,-8158,4344,60,-1.1,0
1.3389003276824951,0.633,0.38504739691154427,1.11,-8158,4361,60,-1.1,0
1.362053394317627,0.69,0.41344672028228957,1.11,-8167,4361,60,-1.1,0
1.384056568145752,0.69,0.41344672028228957,1.11,-8167,4344,60,-1.1,0
1.4048149585723877,0.748,0.41344672028228957,1.11,-8167,4344,60,-1.1,0
1.4272480010986328,0.748,0.4424311820393719,1.11,-8177,4378,60,-1.1,0
1.4475810527801514,0.748,0.4424311820393719,1.11,-8177,4378,60,-1.1,0
1.4765403270721436,0.92,0.4903654764013333,1.11,-8188,4344,60,0.1,0
1.4968256950378418,0.92,0.4903654764013333,1.11,-8188,4344,60,0.1,0
1.52559232711792,0.92,0.5756731019239119,1.11,-8200,4344,60,-1.1,0
1.5458948612213135,0.92,0.5756731019239119,1.11,-8200,4344,60,-1.1,0
1.5669264793395996,0.92,0.6210255150917227,1.11,-8212,4344,60,-1.1,0
1.5889198780059814,0.92,0.6210255150917227,1.11,-8212,4361,60,-1.1,0
1.6158432960510254,1.15,0.6632791046474976,1.11,-8227,4361,60,-1.1,0
1.6381547451019287,1.15,0.6632791046474976,1.11,-8227,4344,60,-1.1,0
1.66290283203125,1.15,0.7481336036887405,1.11,-8242,4361,60,-1.1,0
1.6832859516143799,1.15,0.7481336036887405,1.11,-8242,4361,60,-1.1,0
1.7079007625579834,1.208,0.7481336036887405,1.11,-8242,4361,60,-1.1,0
1.7301340103149414,1.208,0.7814028390900807,1.11,-8257,4344,60,-1.1,0
1.757087230682373,1.38,0.7814028390900807,1.11,-8257,4344,60,-1.1,0
1.7793724536895752,1.38,0.849082993608151,1.11,-8275,4344,60,-1.1,0
1.8025109767913818,1.38,0.849082993608151,1.11,-8275,4344,60,-1.1,0
1.8245220184326172,1.38,0.8843996341478932,1.11,-8292,4361,60,-1.1,0
1.8447787761688232,1.38,0.8843996341478932,1.11,-8292,4361,60,-1.1,0
1.8657891750335693,1.38,0.9327823407870662,1.11,-8309,4361,60,-1.1,0
1.8879129886627197,1.38,0.9327823407870662,1.11,-8309,4361,60,-1.1,0
1.908125638961792,1.38,0.9327823407870662,1.11,-8309,4361,60,-1.1,0
1.9310777187347412,1.668,1.00042828928769,1.11,-8331,4361,60,-1.1,0
1.9536094665527344,1.725,1.00042828928769,1.11,-8331,4361,60,-1.1,0
1.9760901927947998,1.725,1.06723285042299,1.11,-8353,4361,54,-1.1,0
1.9963595867156982,1.725,1.06723285042299,1.11,-8353,4361,54,-1.1,0
2.017212390899658,1.323,1.0574520474079299,1.11,-8367,4361,44,-1.1,0
2.039530038833618,1.323,1.0574520474079299,1.11,-8367,4361,44,-1.1,0
2.0663208961486816,1.553,1.1152868393649542,1.11,-8391,4361,18,-1.1,0
2.0888054370880127,1.553,1.1152868393649542,1.11,-8391,4361,18,-1.1,0
2.115689277648926,1.783,1.1969258006681525,1.11,-8413,4361,27,-1.1,0
2.137791395187378,1.783,1.1969258006681525,1.11,-8413,4344,27,-1.1,0
2.1580615043640137,1.783,1.1969258006681525,1.11,-8413,4344,27,-1.1,0
2.180889129638672,1.438,1.1474235418789271,1.11,-8430,4344,10,-1.1,0
2.2076573371887207,1.553,1.1474235418789271,1.11,-8430,4344,10,-1.1,0
2.2301228046417236,1.553,1.1316838145971329,1.11,-8448,4344,-6,-1.1,0
2.2566869258880615,1.553,1.1316838145971329,1.11,-8448,4344,-6,-1.1,0
2.2852275371551514,1.553,1.1512110111353284,1.11,-8467,4361,6,-1.1,0
2.3079349994659424,1.553,1.1512110111353284,1.11,-8467,4361,6,-1.1,0
2.332214117050171,1.323,1.0418469704830524,1.11,-8483,4361,15,-1.1,0
2.358004093170166,1.323,1.0418469704830524,1.11,-8483,4361,15,-1.1,0
2.3814594745635986,1.898,1.166533940838664,1.11,-8516,4378,24,-1.1,0
2.40417218208313,2.415,1.166533940838664,1.11,-8516,4378,24,-1.1,0
2.426560878753662,2.415,1.2792297277910871,1.11,-8546,4361,33,-1.1,0
2.446810245513916,2.415,1.2792297277910871,1.11,-8546,4361,33,-1.1,0
2.467857599258423,2.185,1.3748356201042822,1.11,-8573,4361,26,-1.1,0
2.4900665283203125,2.185,1.3748356201042822,1.11,-8573,4344,26,-1.1,0
2.510690450668335,2.415,1.3748356201042822,1.11,-8573,4344,26,-1.1,0
2.539336919784546,2.415,1.550864932929428,1.11,-8604,4361,-6,-1.1,0
2.5660171508789062,2.185,1.5766289702304934,1.11,-8631,4361,-15,-1.1,0
2.5882811546325684,2.185,1.5766289702304934,1.11,-8631,4344,-15,-1.1,0
2.608509063720703,2.185,1.5766289702304934,1.11,-8631,4344,-15,-1.1,0
2.631500244140625,1.955,1.6530000426440397,1.11,-8655,4361,-24,-1.1,0
2.658090353012085,1.955,1.6530000426440397,1.11,-8655,4361,-24,-1.1,0
2.6805694103240967,2.588,1.6632321744728844,1.11,-8689,4361,-33,-1.1,0
2.7072818279266357,2.588,1.6632321744728844,1.11,-8689,4361,-33,-1.1,0
2.7295870780944824,2.588,1.7035694926471041,1.11,-8721,4378,-42,-1.1,0
2.758023262023926,2.588,1.7035694926471041,1.11,-8721,4378,-42,-1.1,0
2.782761812210083,2.185,1.6335999082164137,1.11,-8746,4361,-51,-1.1,0
2.807948350906372,2.185,1.6335999082164137,1.11,-8746,4361,-51,-1.1,0
2.832033157348633,2.473,1.6733812080993251,1.11,-8778,4361,-60,-1.1,0
2.857977867126465,2.473,1.6733812080993251,1.11,-8778,4361,-60,-1.1,0
2.887275457382202,2.185,1.7161792818781743,1.11,-8804,4344,-60,-1.1,0
2.9079508781433105,2.185,1.7161792818781743,1.11,-8804,4344,-60,-1.1,0
2.9344067573547363,2.128,1.585785641774654,1.11,-8829,4361,-60,-1.1,0
2.9588139057159424,2.128,1.585785641774654,1.11,-8829,4361,-60,-1.1,0
2.983462333679199,1.955,1.4946554817262423,1.11,-8853,4361,-60,-1.1,0
3.006398916244507,1.84,1.4946554817262423,1.11,-8853,4361,-60,-1.1,0
3.0286591053009033,1.84,1.480149680111878,1.11,-8875,4361,-48,-1.1,0
3.057950496673584,1.84,1.480149680111878,1.11,-8875,4361,-48,-1.1,0
3.082005023956299,1.553,1.4425654051746968,1.11,-8896,4361,6,-1.1,0
3.108020782470703,1.553,1.4425654051746968,1.11,-8896,4361,6,-1.1,0
3.131270170211792,2.013,1.3651038434292517,1.11,-8920,4361,15,-1.1,0
3.1579320430755615,1.38,1.3651038434292517,1.11,-8920,4361,15,-1.1,0
3.1802256107330322,1.38,1.2300964322392878,1.11,-8932,4344,24,-1.1,0
3.208038806915283,1.38,1.2300964322392878,1.11,-8932,4344,24,-1.1,0
3.233380079269409,1.668,1.2017880114816344,1.11,-8954,4344,33,-1.1,0
3.2580137252807617,1.668,1.2017880114816344,1.11,-8954,4344,33,-1.1,0
3.2825634479522705,2.185,1.230831109797163,1.11,-8981,4344,42,-1.1,0
3.3080015182495117,2.185,1.230831109797163,1.11,-8981,4344,42,-1.1,0
3.337867021560669,2.128,1.2893477163794724,1.11,-9008,4344,51,-1.1,0
3.3579869270324707,2.128,1.2893477163794724,1.11,-9008,4344,51,-1.1,0
3.3809938430786133,2.185,1.3139206304810878,1.11,-9036,4361,60,-1.1,0
3.407985210418701,2.185,1.3139206304810878,1.11,-9036,4361,60,-1.1,0
3.4341132640838623,2.76,1.585711168948147,1.11,-9072,4361,46,-1.1,0
3.4568569660186768,2.76,1.585711168948147,1.11,-9072,4361,46,-1.1,0
3.479292631149292,2.76,1.6734305871081574,1.11,-9106,4344,-6,-1.1,0
3.5079739093780518,2.76,1.6734305871081574,1.11,-9106,4344,-6,-1.1,0
3.5324203968048096,2.53,1.7595930075412811,1.11,-9137,4344,-15,-1.2,0
3.557976484298706,2.53,1.7595930075412811,1.11,-9137,4344,-15,-1.2,0
3.5816075801849365,2.53,1.8112597238597952,1.11,-9168,4361,-24,-1.1,0
3.6080048084259033,2.53,1.8112597238597952,1.11,-9168,4361,-24,-1.1,0
3.630697250366211,2.3,1.81733529832428,1.11,-9197,4361,-33,-1.1,0
3.6581764221191406,2.3,1.81733529832428,1.11,-9197,4361,-33,-1.1,0
3.6845548152923584,2.53,1.8552175365837407,1.11,-9229,4361,-42,-1.1,0
3.708024024963379,2.53,1.8552175365837407,1.11,-9229,4361,-42,-1.1,0
3.7331063747406006,2.875,1.8651437663520525,1.11,-9266,4361,-51,-1.1,0
3.758021354675293,2.875,1.8651437663520525,1.11,-9266,4361,-51,-1.1,0
3.782130479812622,2.358,1.8071321608047135,1.11,-9294,4344,-60,-1.1,0
3.8079867362976074,2.358,1.8071321608047135,1.11,-9294,4344,-60,-1.1,0
3.835435390472412,2.243,1.772367514120087,1.11,-9322,4361,-60,-1.1,0
3.858196258544922,2.243,1.772367514120087,1.11,-9322,4361,-60,-1.1,0
3.8845555782318115,2.645,1.8073119367596968,1.11,-9356,4361,-60,-1.1,0
3.9073076248168945,2.3,1.8073119367596968,1.11,-9356,4361,-60,-1.1,0
3.929741621017456,2.3,1.7980612252978125,1.11,-9384,4344,-60,-1.1,0
3.9582648277282715,2.3,1.7980612252978125,1.11,-9384,4344,-60,-1.1,0
3.983146905899048,2.013,1.6069831154319034,1.11,-9408,4361,-60,-1.1,0
4.008068084716797,2.013,1.6069831154319034,1.11,-9408,4361,-60,-1.1,0
4.0360236167907715,2.243,1.6190565594306967,1.11,-9437,4361,-60,-1.1,0
4.05797266960144,2.243,1.6190565594306967,1.11,-9437,4361,-60,-1.1,0
4.081157207489014,1.955,1.596105549455637,1.11,-9460,4361,6,-1.1,0
4.108041286468506,1.955,1.596105549455637,1.11,-9460,4361,6,-1.1,0
4.134595632553101,1.553,1.519219928573163,1.11,-9480,4361,15,-1.1,0
4.1579554080963135,1.553,1.519219928573163,1.11,-9480,4361,15,-1.1,0
4.184483289718628,1.553,1.403448947020515,1.11,-9502,4344,24,-1.1,0
4.208009958267212,1.553,1.403448947020515,1.11,-9502,4344,24,-1.1,0
4.2327880859375,2.243,1.4286046194349828,1.11,-9530,4344,33,-1.1,0
4.258051872253418,2.243,1.4286046194349828,1.11,-9530,4344,33,-1.1,0
4.286041498184204,2.128,1.4339992862268636,1.11,-9557,4344,42,-1.1,0
4.307966709136963,2.128,1.4339992862268636,1.11,-9557,4344,42,-1.1,0
4.3351826667785645,2.358,1.442244501528897,1.11,-9587,4361,51,-1.1,0
4.35797119140625,2.358,1.442244501528897,1.11,-9587,4361,51,-1.1,0
4.384151935577393,2.3,1.565386951287904,1.11,-9616,4361,60,-1.1,0
4.407957315444946,2.3,1.565386951287904,1.11,-9616,4361,60,-1.1,0
4.433525800704956,2.3,1.5771268617981375,1.11,-9644,4344,5,-1.1,0
4.457980155944824,2.3,1.5771268617981375,1.11,-9644,4344,5,-1.1,0
4.486615896224976,2.415,1.6308211375365875,1.11,-9674,4361,-6,-1.1,0
4.507952690124512,2.415,1.6308211375365875,1.11,-9674,4361,-6,-1.1,0
4.531836271286011,2.243,1.6635425188202715,1.11,-9703,4344,-15,-1.1,0
4.558055400848389,2.243,1.6635425188202715,1.11,-9703,4344,-15,-1.1,0
4.584920406341553,2.3,1.6827809334703328,1.11,-9732,4361,-24,-1.1,0
4.6080522537231445,2.3,1.6827809334703328,1.11,-9732,4361,-24,-1.1,0
4.638011455535889,2.818,1.7323635020036239,1.11,-9769,4361,-33,-1.1,0
4.658186912536621,2.818,1.7323635020036239,1.11,-9769,4361,-33,-1.1,0
4.684459924697876,2.645,1.77661083608518,1.11,-9801,4361,-42,-1.1,0
4.708052635192871,2.645,1.77661083608518,1.11,-9801,4361,-42,-1.1,0
4.736631870269775,2.243,1.7602874411668405,1.11,-9827,4344,-51,-1.1,0
4.758020401000977,2.243,1.7602874411668405,1.11,-9827,4344,-51,-1.1,0
4.785869359970093,2.473,1.7783867897900696,1.11,-9859,4361,-60,-1.1,0
4.807984113693237,2.473,1.7783867897900696,1.11,-9859,4361,-60,-1.1,0
4.834866285324097,2.473,1.8183405601434033,1.11,-9890,4361,-60,-1.1,0
4.858036279678345,2.473,1.8183405601434033,1.11,-9890,4361,-60,-1.1,0
4.888036489486694,2.3,1.7028023225378899,1.11,-9917,4361,-60,-1.4,0
4.9080650806427,2.3,1.7028023225378899,1.11,-9917,4361,-60,-1.4,0
4.937268495559692,2.358,1.701643640799382,1.11,-9946,4361,-60,-1.1,0
4.958019733428955,2.358,1.701643640799382,1.11,-9946,4361,-60,-1.1,0
4.9824299812316895,2.185,1.6805579080528623,1.11,-9973,4344,-60,-1.1,0
5.008122444152832,2.185,1.6805579080528623,1.11,-9973,4344,-60,-1.1,0
5.029253244400024,1.955,1.551169263925787,1.11,-9996,4344,-60,-1.1,0
5.058038234710693,1.955,1.551169263925787,1.11,-9996,4344,-60,-1.1,0
5.0785088539123535,1.61,1.4039173846345456,1.11,-10014,4344,-56,-1.1,0
5.108025074005127,1.61,1.4039173846345456,1.11,-10014,4344,-56,-1.1,0
5.133806467056274,2.013,1.4423572041038573,1.11,-10040,4361,6,-1.1,0
5.158009767532349,2.013,1.4423572041038573,1.11,-10040,4361,6,-1.1,0
5.187206029891968,1.725,1.3654401968201353,1.11,-10059,4344,15,-1.1,0
5.20848536491394,1.725,1.3654401968201353,1.11,-10059,4344,15,-1.1,0
5.230093955993652,2.185,1.2675224624875154,1.11,-10085,4344,24,-1.1,0
5.2580955028533936,2.185,1.2675224624875154,1.11,-10085,4344,24,-1.1,0
5.285434007644653,1.725,1.2592158248956964,1.11,-10104,4344,33,-1.1,0
5.308014154434204,1.725,1.2592158248956964,1.11,-10104,4344,33,-1.1,0
5.328449010848999,2.013,1.2694099757996296,1.11,-10128,4344,42,-1.1,0
5.35804557800293,2.013,1.2694099757996296,1.11,-10128,4344,42,-1.1,0
5.387922048568726,2.243,1.3748312356916321,1.11,-10157,4361,51,-1.1,0
5.40800666809082,2.243,1.3748312356916321,1.11,-10157,4361,51,-1.1,0
5.437077760696411,2.3,1.4380518964474136,1.11,-10186,4344,60,-1.1,0
5.4579596519470215,2.3,1.4380518964474136,1.11,-10186,4344,60,-1.1,0
5.482069730758667,2.358,1.4724350215203823,1.11,-10215,4344,60,-1.1,0
5.5080039501190186,2.358,1.4724350215203823,1.11,-10215,4344,60,-1.1,0
5.531243801116943,2.703,1.6273720876294862,1.11,-10250,4344,-6,-1.1,0
5.557998418807983,2.703,1.6273720876294862,1.11,-10250,4361,-6,-1.1,0
5.578319072723389,2.415,1.7257390716854486,1.11,-10278,4361,-15,-1.0,0
5.608027935028076,2.415,1.7257390716854486,1.11,-10278,4344,-15,-1.0,0
5.631654500961304,2.128,1.6385790545017644,1.11,-10304,4344,-24,-1.2,0
5.657975912094116,2.128,1.6385790545017644,1.11,-10304,4361,-24,-1.2,0
5.682856559753418,2.53,1.7206870459394326,1.11,-10338,4361,-33,-1.2,0
5.708058834075928,2.53,1.7206870459394326,1.11,-10338,4361,-33,-1.1,0
5.72817325592041,2.53,1.749449069986337,1.11,-10368,4361,-42,-1.1,0
5.758079767227173,2.53,1.749449069986337,1.11,-10368,4344,-42,-1.2,0
5.7812864780426025,2.185,1.729726615682927,1.11,-10395,4344,-51,-1.2,0
5.807988166809082,2.185,1.729726615682927,1.11,-10395,4361,-51,-1.1,0
5.830400228500366,2.415,1.691882813900465,1.11,-10426,4361,-60,-1.1,0
5.857940673828125,2.415,1.691882813900465,1.11,-10426,4361,-60,-1.1,0
5.879452228546143,2.415,1.7777033457728777,1.11,-10456,4361,-60,-1.1,0
5.908048868179321,2.415,1.7777033457728777,1.11,-10456,4344,-60,-1.1,0
5.932631254196167,2.243,1.7019407877050263,1.11,-10481,4344,-60,-1.1,0
5.958050966262817,2.243,1.7019407877050263,1.11,-10481,4361,-60,-1.3,0
5.981845378875732,2.358,1.6638450170391914,1.11,-10511,4361,-60,-1.3,0
6.008143186569214,2.358,1.6638450170391914,1.11,-10511,4344,-60,-1.1,0
6.031085252761841,2.128,1.6350115160284675,1.11,-10537,4344,-58,-1.1,0
6.05800461769104,2.128,1.6350115160284675,1.11,-10537,4344,-58,-1.1,0
6.084222793579102,2.013,1.5290168733433687,1.11,-10561,4344,-58,-1.1,0
6.107985496520996,2.013,1.5290168733433687,1.11,-10561,4344,-58,-1.1,0
6.133311986923218,2.07,1.4837907113466138,1.11,-10587,4344,0,-1.1,0
6.1579906940460205,2.07,1.4837907113466138,1.11,-10587,4344,0,-1.1,0
6.178485870361328,2.128,1.5193144201565172,1.11,-10614,4344,9,-1.1,0
6.20804238319397,2.128,1.5193144201565172,1.11,-10614,4344,9,-1.1,0
6.231696367263794,2.128,1.5189110957874048,1.11,-10639,4344,18,-1.1,0
6.25834584236145,2.128,1.5189110957874048,1.11,-10639,4344,18,-1.1,0
6.28283429145813,2.358,1.4946849546640613,1.11,-10669,4344,4,-1.1,0
6.307989120483398,2.358,1.4946849546640613,1.11,-10669,4344,4,-1.1,0
6.330098628997803,1.84,1.4714096725688963,1.11,-10690,4344,6,-1.1,0
6.357960939407349,1.84,1.4714096725688963,1.11,-10690,4344,6,-1.1,0
6.3833324909210205,1.84,1.451898824429773,1.11,-10712,4344,6,-1.1,0
6.407991170883179,1.84,1.451898824429773,1.11,-10712,4344,6,-1.1,0
6.432270288467407,2.07,1.4614383057728848,1.11,-10739,4344,15,-1.1,0
6.457906246185303,2.07,1.4614383057728848,1.11,-10739,4344,15,-1.1,0
6.481369495391846,2.3,1.4852692186297682,1.11,-10768,4344,24,-1.1,0
6.507913589477539,2.3,1.4852692186297682,1.11,-10768,4344,24,-1.1,0
6.5346574783325195,2.358,1.473536027204372,1.11,-10797,4344,33,-1.1,0
