t,v
0.01009988784790039,0.0
0.030279874801635742,0.0
0.050513505935668945,0.0
0.07341575622558594,0.0
0.09361696243286133,0.0
0.12266063690185547,0.0
0.14284205436706543,0.0
0.17163729667663574,0.0
0.19186854362487793,0.0
0.21471285820007324,0.0
0.23492193222045898,0.0
0.2639918327331543,0.0
0.2841949462890625,0.0
0.3131430149078369,0.0
0.3333761692047119,0.0
0.35359692573547363,0.0
0.3763713836669922,0.0
0.3966856002807617,0.0
0.42575550079345703,0.0
0.44597458839416504,0.0
0.4706387519836426,0.0
0.4908568859100342,0.0
0.5138599872589111,0.058
0.534203052520752,0.058
0.5545318126678467,0.058
0.5771753787994385,0.058
0.597398042678833,0.058
0.6222128868103027,0.0
0.6423888206481934,0.0
0.6653506755828857,0.0
0.6855623722076416,0.0
0.7144467830657959,0.0
0.7346513271331787,0.0
0.7636013031005859,0.0
0.783801794052124,0.0
0.8039994239807129,0.0
0.8269715309143066,0.0
0.8471696376800537,0.0
0.8761191368103027,0.0
0.8963279724121094,0.0
0.9252791404724121,0.0
0.9454531669616699,0.0
0.9682826995849609,0.0
0.98848557472229,0.0
1.0175457000732422,0.0
1.0378966331481934,0.0
1.0628254413604736,0.0
1.0830183029174805,0.0
1.1031877994537354,0.0
1.1259808540344238,0.0
1.146160364151001,0.0
1.1691040992736816,0.0
1.189272165298462,0.0
1.214125394821167,0.0
1.234368085861206,0.0
1.2545902729034424,0.0
1.2775788307189941,0.0
1.2978017330169678,0.0
1.3267359733581543,0.0
1.3469290733337402,0.0
1.3758213520050049,0.0
1.396022081375122,0.0
1.4189350605010986,0.0
1.4391396045684814,0.0
1.4593336582183838,0.0
1.4823837280273438,0.0
1.5026049613952637,0.0
1.527313232421875,0.0
1.547593355178833,0.0
1.5707001686096191,0.0
1.5909268856048584,0.0
1.611135482788086,0.0
1.6339244842529297,0.0
1.6541297435760498,0.0
1.6789445877075195,0.0
1.6991565227508545,0.0
1.721996784210205,0.0
1.7421905994415283,0.0
1.7712936401367188,0.0
1.791515827178955,0.0
1.8204193115234375,-0.058
1.840639352798462,-0.058
1.8608334064483643,-0.058
1.8839309215545654,0.0
1.9041473865509033,0.0
1.932936429977417,0.0
1.9532063007354736,0.0
1.9820609092712402,0.0
2.002277374267578,0.0
2.025099754333496,0.0
2.0452659130096436,0.0
2.074612617492676,0.0
2.09490704536438,0.0
2.1194679737091064,0.0
2.139662027359009,0.0
2.1598474979400635,0.0
2.1827292442321777,0.0
2.202902317047119,0.0
2.225717067718506,0.173
2.2459418773651123,0.173
2.2708494663238525,0.633
2.2910797595977783,0.633
2.3112692832946777,0.633
2.3345165252685547,0.805
2.3547427654266357,0.805
2.3772897720336914,0.978
2.397515058517456,0.978
2.422389507293701,1.15
2.442636013031006,1.15
2.462855577468872,1.15
2.485807180404663,1.38
2.506016969680786,1.38
2.5350098609924316,1.84
2.5552024841308594,1.84
2.584050416946411,1.955
2.604306697845459,1.955
2.6272330284118652,2.07
2.647444248199463,2.07
2.676295518875122,2.415
2.6965041160583496,2.415
2.7213571071624756,2.473
2.7415735721588135,2.473
2.761775493621826,2.473
2.7847912311553955,2.53
2.804999589920044,2.53
2.827836751937866,2.933
2.848048448562622,2.933
2.8729350566864014,2.703
2.8931262493133545,2.703
2.913351058959961,2.703
2.9362454414367676,2.588
2.9564502239227295,2.588
2.9854464530944824,2.645
3.0056705474853516,2.645
3.034621238708496,2.358
3.05487060546875,2.358
3.07761549949646,2.185
3.0978846549987793,2.185
3.1270103454589844,2.3
3.147228240966797,2.3
3.1720497608184814,2.07
3.192230463027954,2.07
3.212421417236328,2.07
3.2392942905426025,1.898
3.259474992752075,1.898
3.288533926010132,1.898
3.308727741241455,1.898
3.333678722381592,1.668
3.353900671005249,1.668
3.376709461212158,1.495
3.3969359397888184,1.495
3.417159080505371,1.495
3.4400792121887207,1.438
3.460252523422241,1.438
3.4853177070617676,1.323
3.505506753921509,1.323
3.5283403396606445,1.093
3.548529863357544,1.093
3.5774693489074707,1.093
3.5976507663726807,1.093
3.6266040802001953,0.92
3.6468212604522705,0.92
3.667020797729492,0.92
3.689929962158203,0.748
3.7101433277130127,0.748
3.739109992980957,0.748
3.7592787742614746,0.748
3.7881336212158203,0.575
3.8082752227783203,0.575
3.8313486576080322,0.403
3.8515231609344482,0.403
3.8804666996002197,0.288
3.9006593227386475,0.288
3.925624370574951,0.115
3.945826292037964,0.115
3.9660160541534424,0.115
3.989084005355835,0.058
4.009291648864746,0.058
4.038187026977539,0.0
4.0583789348602295,0.0
4.087289094924927,-0.058
4.1075005531311035,-0.058
4.130494117736816,-0.23
4.150766849517822,-0.23
4.179659366607666,-0.345
4.199885606765747,-0.345
4.228720426559448,-0.345
4.248942852020264,-0.345
4.2691264152526855,-0.345
4.2921302318573,-0.345
4.312350749969482,-0.345
4.3412652015686035,-0.575
4.361469030380249,-0.575
4.386235237121582,-0.575
4.40641975402832,-0.575
4.433358430862427,-0.575
4.453550338745117,-0.575
4.482604742050171,-0.748
4.502793550491333,-0.748
4.5277063846588135,-0.805
4.547926902770996,-0.805
4.568104982376099,-0.805
4.591067790985107,-0.805
4.611331224441528,-0.805
4.6402809619903564,-0.92
4.660571813583374,-0.92
4.689390182495117,-0.92
4.709598779678345,-0.92
4.732502698898315,-0.978
4.752718925476074,-0.978
4.781639575958252,-1.093
4.801835536956787,-1.093
4.830721616744995,-1.15
4.85091233253479,-1.15
4.871140480041504,-1.15
4.894123554229736,-1.15
4.9143311977386475,-1.15
4.943276405334473,-1.38
4.963482856750488,-1.38
4.992424488067627,-1.438
5.012639045715332,-1.438
5.041640996932983,-1.323
5.061849355697632,-1.323
5.084631681442261,-1.553
5.104872465133667,-1.553
5.129725217819214,-1.553
5.149929761886597,-1.553
5.170203447341919,-1.553
5.193293333053589,-1.38
5.213524580001831,-1.38
5.242468595504761,-1.553
5.262670993804932,-1.553
5.291381597518921,-1.668
5.311608552932739,-1.668
5.3345160484313965,-1.783
5.354712247848511,-1.783
5.383620738983154,-1.898
5.403811454772949,-1.898
5.4328293800354,-1.898
5.4530556201934814,-1.898
5.473292350769043,-1.898
5.496280908584595,-1.725
5.5164711475372314,-1.725
5.545516729354858,-2.013
5.565703392028809,-2.013
5.590540647506714,-1.955
5.610741376876831,-1.955
5.633523464202881,-1.898
5.653806686401367,-1.898
5.674105167388916,-1.898
5.697103500366211,-2.243
5.717321157455444,-2.243
5.741970539093018,-2.3
5.76217794418335,-2.3
5.784983158111572,-2.07
5.805225610733032,-2.07
5.834248781204224,-2.3
5.854482412338257,-2.3
5.88335108757019,-2.185
5.903553485870361,-2.185
5.923759460449219,-2.185
5.946669101715088,-2.3
5.966860055923462,-2.3
5.995905876159668,-2.76
6.016114950180054,-2.76
6.041124582290649,-2.645
6.061376333236694,-2.645
6.088191747665405,-2.415
6.108389139175415,-2.415
6.137199640274048,-2.473
6.157399654388428,-2.473
6.182732343673706,-2.358
6.202936172485352,-2.358
6.223146915435791,-2.358
6.245761394500732,-2.53
6.2659454345703125,-2.53
6.295067071914673,-2.99
6.315301418304443,-2.99
6.343941688537598,-2.703
6.364132881164551,-2.703
6.387234449386597,-2.53
6.40756630897522,-2.53
6.43642783164978,-2.588
6.456624746322632,-2.588
6.4815757274627686,-2.3
6.501833915710449,-2.3
6.522047758102417,-2.3
6.548802614212036,-2.415
6.56898832321167,-2.415
6.597929000854492,-2.99
6.6180970668792725,-2.99
6.642926454544067,-2.875
6.663165330886841,-2.875
6.686474323272705,-2.588
6.7066731452941895,-2.588
6.726851940155029,-2.588
6.749519348144531,-2.645
6.76973032951355,-2.645
6.794514179229736,-2.358
6.814730405807495,-2.358
6.837611436843872,-2.07
6.857801914215088,-2.07
6.886886835098267,-2.128
6.90709662437439,-2.128
6.936069965362549,-1.898
6.9562718868255615,-1.898
6.976486444473267,-1.898
6.999364376068115,-1.783
7.019565105438232,-1.783
7.0484514236450195,-1.955
7.068681955337524,-1.955
7.093573093414307,-1.783
7.113743782043457,-1.783
7.136616945266724,-1.61
7.156822681427002,-1.61
7.177147388458252,-1.61
7.200222015380859,-1.725
7.220424652099609,-1.725
7.245181083679199,-1.898
7.2653648853302,-1.898
7.288271188735962,-1.725
7.3084776401519775,-1.725
7.33740758895874,-1.725
7.35761570930481,-1.725
7.38652777671814,-1.553
7.406739234924316,-1.553
7.426912546157837,-1.553
7.449920415878296,-1.265
7.470131874084473,-1.265
7.499271392822266,-1.38
7.519478797912598,-1.38
7.548261880874634,-1.438
7.56846809387207,-1.438
7.591430187225342,-1.495
7.6116297245025635,-1.495
7.640760183334351,-1.553
7.660951137542725,-1.553
7.685668230056763,-1.323
7.70600152015686,-1.323
7.726255416870117,-1.323
7.749027967453003,-1.208
7.769224166870117,-1.208
7.792149066925049,-1.265
7.812429904937744,-1.265
7.837339162826538,-1.208
7.857608318328857,-1.208
7.877851724624634,-1.208
7.901001930236816,-1.093
7.921217918395996,-1.093
7.949720859527588,-1.093
7.9699320793151855,-1.093
7.998797178268433,-0.978
8.018993377685547,-0.978
8.041981935501099,-0.92
8.062160968780518,-0.92
8.091224908828735,-1.035
8.11139965057373,-1.035
8.140117406845093,-0.978
8.160301446914673,-0.978
8.180509328842163,-0.978
8.20353102684021,-0.863
8.223830699920654,-0.863
8.252817153930664,-0.978
8.273027420043945,-0.978
8.297699689865112,-0.863
8.317878007888794,-0.863
8.340951204299927,-0.863
8.361147165298462,-0.863
8.381409406661987,-0.863
8.404294729232788,-0.863
8.424513578414917,-0.863
8.449357509613037,-0.748
8.469598054885864,-0.748
8.49267840385437,-0.575
8.512890100479126,-0.575
8.54164719581604,-0.69
8.561838388442993,-0.69
8.590754508972168,-0.575
8.610936403274536,-0.575
8.631162643432617,-0.575
8.654051065444946,-0.46
8.674234390258789,-0.46
8.703288316726685,-0.633
8.723541498184204,-0.633
8.752583265304565,-0.575
8.772783279418945,-0.575
8.795544624328613,-0.575
8.815746307373047,-0.575
8.844663381576538,-0.633
8.86487078666687,-0.633
8.88977837562561,-0.69
8.909986734390259,-0.69
8.930176496505737,-0.69
8.953251123428345,-0.633
8.973430871963501,-0.633
9.002306699752808,-0.805
9.022491455078125,-0.805
9.051351547241211,-0.805
9.071531057357788,-0.805
9.094451189041138,-0.748
9.114627361297607,-0.748
9.143607139587402,-0.863
9.163791179656982,-0.863
9.192850589752197,-0.805
9.213097333908081,-0.805
9.233278751373291,-0.805
9.256301403045654,-0.863
9.276550769805908,-0.863
9.30535340309143,-0.978
9.325551748275757,-0.978
9.354435920715332,-0.92
9.374661445617676,-0.92
9.40372085571289,-0.978
9.423957824707031,-0.978
9.4468412399292,-0.978
9.467011213302612,-0.978
9.492013931274414,-1.035
9.512261390686035,-1.035
9.532462358474731,-1.035
9.555238723754883,-1.035
9.575461149215698,-1.035
9.598288536071777,-1.15
9.618505477905273,-1.15
9.643505096435547,-1.15
9.663704633712769,-1.15
9.683877229690552,-1.15
9.70673155784607,-1.15
9.726922750473022,-1.15
9.755914211273193,-1.15
9.776238441467285,-1.15
9.805123329162598,-1.15
9.825294017791748,-1.15
9.848140954971313,-1.093
9.868351936340332,-1.093
9.897364854812622,-1.15
9.91757869720459,-1.15
9.94253420829773,-1.15
9.96272897720337,-1.15
9.982952356338501,-1.15
10.00574541091919,-1.15
10.025969982147217,-1.15
10.048889636993408,-1.323
10.06911587715149,-1.323
10.094084978103638,-1.323
10.114268779754639,-1.323
10.134455680847168,-1.323
10.157361507415771,-1.323
10.177562952041626,-1.323
10.206508874893188,-1.495
10.226705312728882,-1.495
10.25549578666687,-1.438
10.276195049285889,-1.438
10.298874855041504,-1.265
10.319091320037842,-1.265
10.347916603088379,-1.323
10.368099212646484,-1.323
10.393131256103516,-1.323
10.413350343704224,-1.323
10.433520793914795,-1.323
10.460328340530396,-1.323
10.480520009994507,-1.323
10.509617567062378,-1.495
10.52980375289917,-1.495
10.554558038711548,-1.495
10.574762344360352,-1.495
10.597787618637085,-1.438
10.61796259880066,-1.438
10.646887063980103,-1.61
10.667074918746948,-1.61
10.695971012115479,-1.495
10.716167688369751,-1.495
10.736363887786865,-1.495
10.759369373321533,-1.495
10.779658079147339,-1.495
10.808820724487305,-1.495
10.829029560089111,-1.495
10.8577139377594,-1.438
10.877899885177612,-1.438
10.900808095932007,-1.438
10.921013355255127,-1.438
10.949959993362427,-1.668
10.970194578170776,-1.668
10.995081186294556,-1.61
11.015289783477783,-1.61
11.035479307174683,-1.61
11.058343648910522,-1.553
11.078522682189941,-1.553
11.101388216018677,-1.725
11.121612071990967,-1.725
11.146584033966064,-1.553
11.166767120361328,-1.553
11.186985731124878,-1.553
11.209867715835571,-1.38
11.230077028274536,-1.38
11.259232997894287,-1.61
11.279457092285156,-1.61
11.308277368545532,-1.725
11.328520774841309,-1.725
11.351461172103882,-1.61
11.371702194213867,-1.61
11.400381803512573,-1.725
11.420573234558105,-1.725
11.4454927444458,-1.553
11.465690612792969,-1.553
11.48591923713684,-1.553
11.509041786193848,-1.495
11.529219150543213,-1.495
11.55205249786377,-1.61
11.57227611541748,-1.61
11.59721827507019,-1.553
11.61738657951355,-1.553
11.637587070465088,-1.553
11.660415649414062,-1.61
11.680628776550293,-1.61
11.703558444976807,-1.783
11.723792314529419,-1.783
11.74863052368164,-1.61
11.768844842910767,-1.61
11.789041996002197,-1.61
11.811944007873535,-1.495
11.832287073135376,-1.495
11.86122179031372,-1.725
11.881427764892578,-1.725
11.910210132598877,-1.668
11.930435180664062,-1.668
11.953391075134277,-1.553
11.973620653152466,-1.553
12.002556800842285,-1.725
12.022750616073608,-1.725
12.047736883163452,-1.725
12.067950248718262,-1.725
12.088144302368164,-1.725
12.115029335021973,-1.725
12.135253667831421,-1.725
12.164265394210815,-1.84
12.184489488601685,-1.84
12.209550142288208,-1.783
12.229739665985107,-1.783
12.25244426727295,-1.668
12.272660255432129,-1.668
12.301539182662964,-1.783
12.321802616119385,-1.783
12.350950241088867,-1.725
12.371152877807617,-1.725
12.391344785690308,-1.725
12.414159536361694,-1.783
12.43447208404541,-1.783
12.463351488113403,-1.955
12.48353362083435,-1.955
12.512315273284912,-1.84
12.53249192237854,-1.84
12.555551290512085,-1.725
12.5757417678833,-1.725
12.604689836502075,-1.84
12.62490463256836,-1.84
12.649738073348999,-1.725
12.669987916946411,-1.725
12.69021725654602,-1.725
12.713104009628296,-1.725
12.733306884765625,-1.725
12.75607442855835,-1.955
12.776293992996216,-1.955
12.801283121109009,-1.84
12.821477890014648,-1.84
12.8417067527771,-1.84
12.865208625793457,-1.783
12.885380744934082,-1.783
12.913959264755249,-1.84
12.934156656265259,-1.84
12.962871551513672,-1.668
12.983079433441162,-1.668
13.00602674484253,-1.61
13.02625298500061,-1.61
13.055186748504639,-1.898
13.075376749038696,-1.898
13.10435676574707,-1.898
13.124547719955444,-1.898
13.144758939743042,-1.898
13.167686700820923,-1.725
13.187867403030396,-1.725
13.21686339378357,-1.84
13.237074613571167,-1.84
13.261867761611938,-1.725
13.282110452651978,-1.725
13.305152177810669,-1.61
13.325380086898804,-1.61
13.345682859420776,-1.61
13.368612289428711,-1.84
13.388850450515747,-1.84
13.413636445999146,-1.783
13.433827638626099,-1.783
13.456597328186035,-1.668
13.476800918579102,-1.668
13.50581431388855,-1.783
13.52604627609253,-1.783
13.554959774017334,-1.725
13.575247526168823,-1.725
13.595495462417603,-1.725
13.618290185928345,-1.61
13.63847541809082,-1.61
13.667383193969727,-1.61
13.687586069107056,-1.61
13.716463088989258,-1.438
13.736688137054443,-1.438
13.759604215621948,-1.438
13.779781579971313,-1.438
13.808814764022827,-1.668
13.829012870788574,-1.668
13.8539879322052,-1.553
13.874162197113037,-1.553
13.894374132156372,-1.553
13.91728401184082,-1.38
13.937509775161743,-1.38
13.960301637649536,-1.438
13.980520486831665,-1.438
14.005455732345581,-1.38
14.025757789611816,-1.38
14.046026945114136,-1.38
14.068856954574585,-1.38
14.089104175567627,-1.38
14.11808729171753,-1.438
14.138283967971802,-1.438
14.167120456695557,-1.323
14.187370300292969,-1.323
14.210275411605835,-1.208
14.23047137260437,-1.208
14.259371519088745,-1.38
14.27962851524353,-1.38
14.30844259262085,-1.38
14.32868480682373,-1.38
14.357646942138672,-1.323
14.37807035446167,-1.323
14.398327589035034,-1.323
14.421119689941406,-1.265
14.441338777542114,-1.265
14.466179847717285,-1.093
14.48642635345459,-1.093
14.509274959564209,-1.093
14.529509544372559,-1.093
14.549692869186401,-1.093
14.572609901428223,-1.208
14.59279203414917,-1.208
14.617615938186646,-1.208
14.637860536575317,-1.208
14.660777568817139,-1.035
14.680992603302002,-1.035
14.709911823272705,-0.978
14.73015809059143,-0.978
14.759010553359985,-0.863
14.779293298721313,-0.863
14.799492359161377,-0.863
14.822423219680786,-0.863
14.842628717422485,-0.863
14.87161374092102,-0.92
14.89191484451294,-0.92
14.916825771331787,-0.748
14.937041521072388,-0.748
14.959855079650879,-0.633
14.980068683624268,-0.633
15.00027585029602,-0.633
15.023025274276733,-0.575
15.043218851089478,-0.575
15.068211317062378,-0.518
15.088428258895874,-0.518
15.111295461654663,-0.46
15.131530284881592,-0.46
15.160537004470825,-0.518
15.180776119232178,-0.518
15.209604024887085,-0.46
15.229866027832031,-0.46
15.25009298324585,-0.46
15.272959232330322,-0.288
15.293167114257812,-0.288
15.322122573852539,-0.23
15.342355966567993,-0.23
15.367265462875366,-0.23
15.387486219406128,-0.23
15.414507389068604,-0.23
15.43481707572937,-0.23
15.4636869430542,-0.288
15.483868598937988,-0.288
15.508688688278198,-0.173
15.528900861740112,-0.173
15.54914140701294,-0.173
15.572105884552002,-0.115
15.592276096343994,-0.115
15.621222257614136,-0.058
15.641369104385376,-0.058
15.670283555984497,-0.058
15.690505504608154,-0.058
15.713420152664185,0.0
15.73360824584961,0.0
15.762553930282593,0.0
15.782752752304077,0.0
15.807707071304321,0.0
15.82790470123291,0.0
15.848132848739624,0.0
15.875028848648071,0.0
15.895263671875,0.0
15.92497444152832,0.0
15.94525408744812,0.0
15.969365119934082,0.0
15.989583969116211,0.0
16.012439966201782,0.0
16.032646894454956,0.0
16.05285930633545,0.0
16.07580852508545,0.0
16.09598708152771,0.0
16.12080955505371,0.0
16.140995502471924,0.0
16.163915395736694,0.0
16.18408727645874,0.0
16.213136434555054,0.0
16.23326325416565,0.0
16.262245655059814,0.0
16.282464027404785,0.0
16.302675485610962,0.0
16.325523376464844,0.0
16.3457293510437,0.0
16.374852895736694,0.0
16.395076036453247,0.0
16.423869371414185,0.0
16.444138288497925,0.0
16.467050790786743,0.0
16.48723840713501,0.0
16.51626420021057,0.0
16.53648042678833,0.0
16.56145143508911,0.0
16.58168125152588,0.0
16.601880073547363,0.0
16.624751806259155,0.0
16.64496421813965,0.0
16.673952102661133,0.0
16.694213390350342,0.0
16.72299361228943,0.0
16.743227005004883,0.0
16.766072750091553,0.0
16.786372184753418,0.0
16.81541156768799,0.0
16.83563995361328,0.0
16.86431360244751,0.0
16.884511470794678,0.0
16.904768705368042,0.0
16.92898726463318,0.0
16.94922661781311,0.0
16.9769229888916,0.0
16.997110605239868,0.0
17.022016286849976,0.0
17.042231559753418,0.0
17.06505584716797,0.0
17.085269689559937,0.0
17.105494260787964,0.0
17.128297328948975,0.0
17.148560047149658,0.0
17.173577547073364,0.0
17.19377875328064,0.0
17.216642379760742,0.0
17.236857891082764,0.0
17.265798330307007,0.0
17.286028385162354,0.0
17.314804315567017,0.0
17.33500051498413,0.0
17.35522198677063,0.0
17.37819766998291,0.0
17.398419618606567,0.0
17.427393913269043,0.0
17.447607278823853,0.0
17.47648024559021,0.0
17.496703147888184,0.0
17.519855737686157,0.0
17.540058374404907,0.0
17.568851470947266,0.0
17.58904004096985,0.0
17.613874197006226,0.0
17.634040594100952,0.0
17.654245138168335,0.0
17.677125215530396,0.0
17.69738268852234,0.0
17.72028613090515,0.0
17.740501165390015,0.0
17.769444942474365,0.0
17.78965401649475,0.0
17.809849977493286,0.0
17.832784414291382,0.0
17.852999925613403,0.0
17.882047414779663,0.0
17.90223717689514,0.0
17.927107572555542,0.0
17.94731831550598,0.0
17.97420835494995,0.0
17.994438886642456,0.0
18.02347445487976,0.0
18.043680429458618,0.0
18.068588733673096,0.0
18.088886260986328,0.0
18.10908341407776,0.0
18.13180899620056,0.0
18.151992559432983,0.0
18.18098545074463,0.0
18.201154708862305,0.0
18.230184078216553,0.0
18.250377416610718,0.0
18.273283004760742,0.0
18.293492555618286,0.0
18.32252860069275,0.0
18.34272599220276,0.0
18.37152338027954,0.0
18.39171290397644,0.0
18.41191267967224,0.0
18.434924364089966,0.0
18.455150365829468,0.0
18.484398365020752,0.0
18.504658460617065,0.0
18.529542207717896,0.0
18.549745321273804,0.0
18.572430849075317,0.0
18.592674493789673,0.0
18.61290192604065,0.0
18.63565945625305,0.0
18.655895233154297,0.0
18.680828332901,0.0
18.70101809501648,0.0
18.723963260650635,0.0
18.744187831878662,0.0
18.773165941238403,0.0
18.79414939880371,0.0
18.822368621826172,0.0
18.842567682266235,0.0
18.86275625228882,0.0
18.8853600025177,0.0
18.905579566955566,0.0
18.93473744392395,0.0
18.954923152923584,0.0
18.983771324157715,0.0
19.003969430923462,0.0
19.02686595916748,0.0
19.04706621170044,0.0
19.07602071762085,0.0
19.096200466156006,0.0
19.121206521987915,0.0
19.141430616378784,0.0
19.161652088165283,0.0
19.18455696105957,0.0
19.204808950424194,0.0
19.227585792541504,0.0
19.24776840209961,0.0
19.272652864456177,0.0
19.292860507965088,0.0
19.31310772895813,0.0
19.336119174957275,0.0
19.35633945465088,0.0
19.38532853126526,0.0
19.40554666519165,0.0
19.434258937835693,0.0
19.454445362091064,0.0
19.477570056915283,0.0
19.497816801071167,0.0
19.52675485610962,0.0
19.546979904174805,0.0
19.571898937225342,0.0
19.59211778640747,0.0
19.612325191497803,0.0
19.63510298728943,0.0
19.65530014038086,0.0
19.67818522453308,0.0
19.69837784767151,0.0
19.723220825195312,0.0
19.743374586105347,0.0
19.76357388496399,0.0
19.786621570587158,0.0
19.806814432144165,0.0
19.82972550392151,0.0
19.849971532821655,0.0
19.874952793121338,0.0
19.895158529281616,0.0
19.91536521911621,0.0
19.93820548057556,0.0
19.958439826965332,0.0
19.987385749816895,0.0
20.007576942443848,0.0
