t,x,y,yaw_deg,v,mode,avoid_steer_deg,obstacle_m,cmd_v,cmd_steer_deg,steer_actual_deg,vcc_mv
0.06,-16.436,8.902,-130.4,0.01,-,,,0.00,0.0,0.8,4121
0.11,-16.436,8.902,-130.4,0.01,-,,,0.00,0.0,0.7,4137
0.16,-16.436,8.903,-130.4,-0.00,-,,,0.00,0.0,0.7,4121
0.21,-16.436,8.903,-130.4,-0.00,-,,,0.00,0.0,0.7,4137
0.26,-16.436,8.903,-130.4,-0.00,-,,,0.00,0.0,0.7,4137
0.31,-16.436,8.903,-130.4,-0.00,-,,,0.00,0.0,0.8,4106
0.36,-16.435,8.901,-130.4,-0.00,-,,,0.00,0.0,0.8,4137
0.41,-16.435,8.901,-130.4,-0.00,-,,,0.00,0.0,0.7,4121
0.46,-16.435,8.901,-130.4,0.00,-,,,0.00,0.0,0.7,4121
0.51,-16.435,8.901,-130.4,0.00,-,,,0.00,0.0,0.7,4121
0.56,-16.438,8.900,-130.4,0.02,-,,,0.00,0.0,0.6,4137
0.61,-16.438,8.900,-130.4,0.02,-,,,0.00,0.0,0.8,4137
0.66,-16.437,8.900,-130.4,0.00,-,,,0.00,0.0,0.7,4121
0.71,-16.437,8.900,-130.4,-0.00,-,,,0.00,0.0,0.8,4121
0.76,-16.437,8.900,-130.4,-0.00,-,,,0.00,0.0,0.8,4121
0.81,-16.437,8.900,-130.4,-0.00,-,,,0.00,0.0,0.6,4121
0.86,-16.436,8.900,-130.5,-0.00,-,,,0.00,0.0,0.7,4137
0.91,-16.436,8.900,-130.5,-0.00,-,,,0.00,0.0,0.7,4121
0.96,-16.437,8.901,-130.4,0.00,-,,,0.00,0.0,0.7,4121
1.01,-16.437,8.901,-130.4,0.00,-,,,0.00,0.0,0.8,4121
1.06,-16.434,8.899,-130.4,-0.01,-,,,0.00,0.0,0.8,4121
1.11,-16.434,8.899,-130.4,-0.01,-,,,0.00,0.0,0.6,4137
1.16,-16.434,8.900,-130.4,-0.00,-,,,0.00,0.0,0.8,4121
1.21,-16.434,8.900,-130.4,-0.00,-,,,0.00,0.0,0.8,4121
1.26,-16.434,8.900,-130.4,-0.00,-,,,0.00,0.0,0.7,4137
1.31,-16.435,8.898,-130.4,0.01,-,,,0.00,0.0,0.8,4121
1.36,-16.435,8.898,-130.4,0.01,-,,,0.00,0.0,0.8,4121
1.41,-16.435,8.898,-130.4,0.01,-,,,0.00,0.0,0.7,4137
1.46,-16.435,8.900,-130.4,-0.02,-,,,0.00,0.0,0.7,4121
1.51,-16.435,8.900,-130.4,-0.02,-,,,0.00,0.0,0.7,4121
1.56,-16.436,8.898,-130.4,0.03,-,,,0.00,0.0,0.7,4121
1.61,-16.436,8.898,-130.4,0.03,-,,,0.00,0.0,0.8,4121
1.66,-16.434,8.900,-130.4,-0.03,-,,,0.00,0.0,0.8,4121
1.71,-16.434,8.900,-130.4,-0.03,-,,,0.00,0.0,0.7,4121
1.76,-16.435,8.899,-130.4,0.01,-,,,0.00,0.0,0.7,4121
1.81,-16.435,8.899,-130.4,0.01,-,,,0.00,0.0,0.7,4121
1.86,-16.434,8.898,-130.4,0.00,-,,,0.00,0.0,0.7,4137
1.91,-16.435,8.899,-130.4,-0.01,-,,,0.00,0.0,0.7,4121
1.96,-16.435,8.899,-130.4,-0.01,-,,,0.00,0.0,0.7,4121
2.01,-16.435,8.899,-130.4,-0.01,-,,,0.00,0.0,0.7,4121
2.06,-16.433,8.900,-130.4,-0.01,-,,,0.00,0.0,0.7,4121
2.11,-16.433,8.900,-130.4,-0.01,-,,,0.00,0.0,0.7,4121
2.16,-16.435,8.900,-130.4,0.01,-,,,0.00,0.0,0.7,4121
2.21,-16.435,8.900,-130.4,0.01,-,,,0.00,0.0,0.7,4121
2.26,-16.435,8.900,-130.4,0.01,-,,,0.00,0.0,0.7,4121
2.31,-16.435,8.900,-130.4,0.01,-,,,0.00,0.0,0.8,4106
2.36,-16.436,8.899,-130.4,0.01,-,,,0.00,0.0,0.8,4121
2.41,-16.436,8.899,-130.4,0.01,-,,,0.00,0.0,0.7,4121
2.46,-16.436,8.898,-130.4,0.00,-,,,0.00,0.0,0.7,4121
2.51,-16.436,8.898,-130.4,0.01,-,,,0.00,0.0,0.8,4137
2.56,-16.436,8.898,-130.4,0.01,-,,,0.00,0.0,0.8,4137
2.61,-16.436,8.898,-130.4,0.01,-,,,0.00,0.0,0.6,4137
2.66,-16.436,8.899,-130.4,-0.01,-,,,0.00,0.0,0.7,4137
2.71,-16.436,8.899,-130.4,-0.01,-,,,0.00,0.0,0.7,4137
2.76,-16.438,8.898,-130.4,0.02,-,,,0.00,0.0,0.6,4121
2.81,-16.438,8.898,-130.4,0.02,-,,,0.00,0.0,0.7,4121
2.86,-16.437,8.897,-130.4,-0.00,-,,,0.00,0.0,0.7,4137
2.91,-16.437,8.897,-130.4,-0.00,-,,,0.00,0.0,0.6,4121
2.96,-16.437,8.899,-130.4,-0.01,-,,,0.00,0.0,0.7,4121
3.01,-16.437,8.899,-130.4,-0.01,-,,,0.00,0.0,0.7,4121
3.06,-16.437,8.897,-130.4,0.02,-,,,0.00,0.0,0.7,4121
3.11,-16.437,8.897,-130.4,0.02,-,,,0.00,0.0,0.8,4121
3.16,-16.438,8.898,-130.4,-0.00,-,,,0.00,0.0,0.7,4121
